#,#キャラクター通常攻撃設定,,フレーム数（６０F),,,,,,,,,,,連続技,,,FX,FX,FX,ボイスタイミング,,,,,,,,,,,
#,#攻撃ID,ﾓｰｼｮﾝID,移動,,,,剣影,,FX1,FX2,,連続技,,入力,硬直,Hit,発生,表示,表示,,攻撃アタリ,,位置補正,,,Socket,Socket,,Motion,移動,
#,#,,開始,終了,量,方向,開始,終了,ID,ID,割込F,開始,終了,受付,時間,,開始,開始,終了,,開始,終了,X,Y,Z,Type,Type,アタリ,Flag,チェック,
#,1,2,,,,,,,,,,,,,,,,,,,,,12,13,14,,,,,,
#,1,2,3,4,5,6,7,8,9,10,11,12,13,14,15,16,17,18,19,20,21,22,23,24,25,26,27,28,29,30,
110001,1231,0,6,20,0,1,21,1,0,0,16,50,7,60,13,13,-1,-1,0,3,23,-5,60,75,,,,1,,
110002,1232,0,6,20,0,0,20,1,0,0,13,50,50,60,9,9,-1,-1,0,0,19,5,60,75,,,,,,
110003,1231,0,6,20,0,1,21,1,0,0,16,50,7,120,13,13,-1,-1,0,3,19,-5,60,75,,,,,,
110004,263,1,14,140,0,0,60,85,0,0,16,50,6,47,0,0,-1,-1,0,0,19,0,0,0,,,,1,,
110051,268,0,0,0,0,0,0,0,0,0,60,220,110,125,95,50,-1,-1,0,0,0,0,0,0,,,,1,,
#,,,,,,,,,,,,,,,,,,,,,,,,,,,,,,,
110101,1231,0,6,20,0,1,21,1,0,0,16,50,0,60,13,13,-1,-1,0,3,23,-5,60,75,,,,,,
110102,1232,0,6,20,0,0,20,1,0,0,13,50,0,60,9,9,-1,-1,0,0,19,5,60,75,,,,1,,
110103,1233,0,7,25,0,0,30,1,0,0,13,50,0,60,12,12,-1,-1,0,2,22,-5,60,100,,,,,,
110104,1234,0,7,35,0,0,30,1,0,0,17,54,0,60,7,7,-1,-1,0,0,17,5,50,75,,,,,,
110105,1235,0,9,55,0,0,25,1,0,0,15,50,0,60,4,4,-1,-1,0,0,14,0,70,100,,,,,,
110106,1236,0,8,65,0,0,30,1,0,0,36,57,57,60,3,3,-1,-1,0,0,13,0,55,100,,,,,,
110107,1235,0,9,82,0,0,25,1,0,0,15,50,0,60,4,4,-1,-1,0,0,14,0,0,75,,,,,,
110108,1231,0,6,20,0,1,21,1,0,0,16,50,0,120,13,13,-1,-1,0,3,23,-5,60,75,,,,,,
110109,263,1,14,140,0,0,60,85,0,0,16,50,6,47,0,0,-1,-1,0,0,19,0,0,0,,,,1,,
110151,268,0,0,0,0,0,0,0,0,0,60,220,110,125,95,50,-1,-1,0,0,0,0,0,0,,,,1,,
#,,,,,,,,,,,,,,,,,,,,,,,,,,,,,,,
110201,2231,0,8,40,0,0,15,1,0,0,11,40,0,60,2,2,-1,-1,0,0,21,0,80,75,,,,,,
110202,2232,0,8,40,0,0,25,1,0,0,13,42,0,60,6,6,-1,-1,0,0,21,0,60,75,,,,1,,
110203,2233,0,9,55,0,1,25,1,0,0,32,53,53,60,7,7,-1,-1,0,0,21,-5,85,75,,,,,,
110204,2231,0,8,65,0,0,15,1,0,0,11,40,0,60,2,2,-1,-1,0,0,21,0,0,75,,,,,,
110205,2231,0,8,40,0,0,15,1,0,0,11,40,0,120,2,2,-1,-1,0,0,21,0,80,75,,,,,,
110206,263,1,14,140,0,0,60,85,0,0,16,50,6,47,0,0,-1,-1,0,0,19,0,0,0,,,,1,,
110251,268,0,0,0,0,0,0,0,0,0,60,220,110,125,95,50,-1,-1,0,0,0,0,0,0,,,,1,,
#,,,,,,,,,,,,,,,,,,,,,,,,,,,,,,,
110301,3231,0,9,45,0,9,25,1,0,24,18,48,0,60,9,9,-1,-1,0,2,21,0,90,90,,,,,,
110302,3232,0,9,60,0,5,20,1,0,17,20,50,8,60,6,6,6,60,0,0,21,0,75,90,,,,1,,
110303,3233,0,13,65,0,8,29,1,0,0,41,66,66,60,7,7,17,200,0,1,16,0,90,90,,,,,,
110304,3233,0,13,110,0,8,29,1,0,0,41,70,70,60,11,11,17,200,0,6,16,0,0,90,,,,,,
110305,3231,0,9,45,0,9,25,1,0,24,18,48,0,120,9,9,-1,-1,0,2,21,0,90,90,,,,,,
110306,263,1,14,140,0,0,60,85,0,0,16,50,6,47,0,0,-1,-1,0,0,19,0,0,0,,,,1,,
110351,268,0,0,0,0,0,0,0,0,0,60,220,110,125,95,50,-1,-1,0,0,0,0,0,0,,,,1,,
#,,,,,,,,,,,,,,,,,,,,,,,,,,,,,,,
110401,4231,10,17,50,0,0,18,1,0,0,18,28,0,60,3,3,-1,-1,0,0,21,0,120,90,,,,,,
110402,4232,14,17,50,0,0,22,1,0,0,21,30,0,60,3,3,-1,-1,0,0,21,0,105,90,,,,,,
110403,4233,16,22,50,0,1,57,1,0,0,57,70,70,60,6,6,-1,-1,0,0,21,0,130,90,,,,,,
110404,2233,0,9,80,0,1,25,1,0,0,32,53,53,60,7,7,-1,-1,0,0,21,0,0,90,,,,,,
110405,2231,0,8,40,0,0,15,1,0,0,11,40,0,120,2,2,-1,-1,0,0,21,0,120,90,,,,,,
110406,263,1,14,140,0,0,60,85,0,0,16,50,6,47,0,0,-1,-1,0,0,19,0,0,0,,,,1,,
110451,268,0,0,0,0,0,0,0,0,0,60,220,110,125,95,50,-1,-1,0,0,0,0,0,0,,,,1,,
#,,,,,,,,,,,,,,,,,,,,,,,,,,,,,,,
110501,5231,16,26,75,0,6,41,1,0,0,40,70,20,60,26,26,18,120,0,11,41,0,110,150,,,,,,
110502,5232,16,26,85,0,0,51,1,0,0,46,67,67,60,24,24,30,120,0,13,41,5,0,90,,,,1,,
110503,5231,16,26,75,0,6,41,1,0,0,40,70,20,120,26,26,18,120,0,11,41,0,110,150,,,,,,
110551,268,0,0,0,0,0,0,0,0,0,60,220,110,125,95,50,-1,-1,0,0,0,0,0,0,,,,1,,
#,,,,,,,,,,,,,,,,,,,,,,,,,,,,,,,
110601,6231,12,17,50,0,0,50,1,0,0,30,50,0,60,21,21,-1,-1,0,10,21,5,100,110,,,,,,
110602,6232,10,15,20,0,0,40,1,0,0,30,45,0,60,16,16,-1,-1,0,10,21,-25,90,100,,,,1,,
110603,6235,43,98,-23.237,0,0,60,1,0,0,72,65,70,60,15,0,-1,-1,0,10,21,10,120,100,,,,,,
110604,6233,0,0,0,0,0,0,1,0,0,0,0,0,60,0,0,-1,-1,0,0,0,0,0,90,,,,,,
110605,6234,16,26,30,0,0,60,1,0,0,55,65,60,60,15,0,-1,-1,0,5,21,0,120,100,,,,,,
110606,6232,10,15,20,0,0,60,20,0,0,30,45,0,60,16,0,-1,-1,0,10,21,-20,90,100,,,,,,
110607,6232,10,15,20,0,0,60,21,0,0,30,45,0,60,16,0,-1,-1,0,10,21,-20,90,100,,,,,,
110608,6232,10,15,20,0,0,60,22,0,0,30,45,0,60,16,0,-1,-1,0,10,21,-20,90,100,,,,,,
110609,6232,10,15,20,0,0,60,23,0,0,30,45,0,60,16,0,-1,-1,0,10,21,-20,90,100,,,,,,
110610,6091,0,30,450,0,0,0,1,0,0,0,0,0,10,0,0,-1,-1,0,0,0,0,0,0,,,1,,1,
110611,6235,5,15,38,0,0,60,24,0,0,55,65,70,60,15,0,-1,-1,0,10,21,0,140,100,,,,,,
110612,265,102,107,50,0,0,150,86,0,0,160,160,0,160,1,1,-1,-1,90,80,111,5,100,110,,,,1,,
110651,268,0,0,0,0,0,0,0,0,0,60,220,110,125,95,50,-1,-1,0,0,0,0,0,0,,,,1,,
#,,,,,,,,,,,,,,,,,,,,,,,,,,,,,,,
110701,7231,0,0,0,0,0,0,1,0,0,0,0,0,60,0,0,-1,-1,0,0,0,0,45,90,,,,,,
110702,7231,0,0,0,0,0,0,1,0,0,0,0,0,60,0,0,-1,-1,0,0,0,0,0,90,,,,,,
110703,7231,0,0,0,0,0,0,1,0,0,0,0,0,120,0,0,-1,-1,0,0,0,0,45,90,,,,,,
110751,268,0,0,0,0,0,0,0,0,0,60,220,110,125,95,50,-1,-1,0,0,0,0,0,0,,,,1,,
#,,,,,,,,,,,,,,,,,,,,,,,,,,,,,,,
110801,3231,0,9,45,0,9,25,1,0,0,18,48,0,60,9,9,-1,-1,0,2,21,0,90,90,,,,,,
110802,3232,0,9,60,0,5,20,1,0,0,20,50,8,60,6,6,-1,-1,0,0,21,0,75,90,,,,1,,
110803,3233,0,13,65,0,8,29,1,0,0,41,66,66,60,7,7,-1,-1,0,6,16,0,90,90,,,,,,
110804,3233,0,13,110,0,8,29,1,0,0,41,70,70,60,11,11,-1,-1,0,6,16,0,0,90,,,,,,
110805,3231,0,9,45,0,9,25,1,0,0,18,48,0,120,9,9,-1,-1,0,2,21,0,90,90,,,,,,
110806,263,1,14,140,0,0,60,85,0,0,16,50,6,47,0,0,-1,-1,0,0,19,0,0,0,,,,1,,
110851,268,0,0,0,0,0,0,0,0,0,60,220,110,125,95,50,-1,-1,0,0,0,0,0,0,,,,1,,
#,,,,,,,,,,,,,,,,,,,,,,,,,,,,,,,
110901,9231,26,38,70,0,12,46,1,0,0,41,70,20,60,29,29,22,120,0,16,41,0,135,125,,,,1,,
110902,9232,18,30,60,0,0,41,1,0,0,45,66,66,60,19,19,12,120,0,16,41,0,100,90,,,,1,,
110903,9232,18,30,100,0,0,41,1,0,0,45,66,66,60,21,21,12,120,0,16,41,0,0,90,,,,,,
110904,9231,26,38,70,0,12,46,1,0,0,41,70,20,120,29,29,22,120,0,16,41,0,135,125,,,,,,
110910,6091,0,30,450,0,0,0,1,0,0,0,0,0,10,0,0,-1,-1,0,0,0,0,0,0,,,1,,1,
110951,268,0,0,0,0,0,0,0,0,0,60,220,110,125,95,50,-1,-1,0,0,0,0,0,0,,,,1,,
#,,,,,,,,,,,,,,,,,,,,,,,,,,,,,,,
111001,10231,0,12,55,0,21,42,1,0,0,29,57,5,60,20,20,1,45,0,10,30,0,70,75,,,,,,
111002,10232,0,12,65,0,0,36,1,0,0,33,54,54,60,10,10,0,60,0,3,23,0,100,75,,,,1,,
111003,10231,0,12,90,0,21,42,1,0,0,29,57,5,60,20,20,1,45,0,10,30,0,0,75,,,,,,
111004,10231,0,12,55,0,21,42,1,0,0,29,57,5,120,20,20,1,45,0,10,30,0,70,75,,,,,,
111005,263,1,14,140,0,0,60,85,0,0,16,50,6,47,0,0,-1,-1,0,0,19,0,0,0,,,,1,,
111051,268,0,0,0,0,0,0,0,0,0,60,220,110,125,95,50,-1,-1,0,0,0,0,0,0,,,,1,,
#,,,,,,,,,,,,,,,,,,,,,,,,,,,,,,,
111101,9231,26,38,70,0,12,41,1,0,0,41,70,20,60,29,29,-1,-1,0,16,41,0,135,125,,,,1,,
111102,9232,18,30,60,0,0,38,1,0,0,45,66,66,60,21,21,-1,-1,0,16,41,0,100,90,,,,1,,
111103,9232,18,30,100,0,0,41,1,0,0,45,66,66,60,21,21,12,120,0,16,41,0,0,90,,,,,,
111104,9231,26,38,70,0,12,41,1,0,0,41,70,20,120,29,29,-1,-1,0,16,41,0,135,125,,,,,,
111151,268,0,0,0,0,0,0,0,0,0,60,220,110,125,95,50,-1,-1,0,0,0,0,0,0,,,,1,,
#,,,,,,,,,,,,,,,,,,,,,,,,,,,,,,,
111201,10231,0,12,55,0,21,42,1,0,0,48,70,49,60,20,20,-1,-1,0,10,30,0,90,75,,,,,,
111202,10231,0,12,90,0,21,42,1,0,0,36,57,5,60,20,20,-1,-1,0,10,30,0,0,75,,,,,,
111203,10231,0,12,90,0,21,42,1,0,0,36,57,5,120,20,20,-1,-1,0,10,30,0,0,75,,,,,,
111204,263,1,14,140,0,0,60,85,0,0,16,50,6,47,0,0,-1,-1,0,0,19,0,0,0,,,,1,,
111251,268,0,0,0,0,0,0,0,0,0,60,220,110,125,95,50,-1,-1,0,0,0,0,0,0,,,,1,,
#,,,,,,,,,,,,,,,,,,,,,,,,,,,,,,,
111301,13231,21,30,55,0,10,51,1,0,0,71,87,71,60,31,31,-1,-1,0,11,46,0,90,90,,,,1,,
111303,13231,21,30,80,0,10,51,1,0,0,45,66,15,60,31,31,-1,-1,0,11,46,0,0,90,,,,1,,
111304,13231,21,30,55,0,10,51,1,0,0,71,87,71,120,31,31,-1,-1,0,11,46,0,90,90,,,,,,
111351,268,0,0,0,0,0,0,0,0,0,60,220,110,125,95,50,-1,-1,0,0,0,0,0,0,,,,1,,
#,,,,,,,,,,,,,,,,,,,,,,,,,,,,,,,
111401,14231,0,9,60,0,3,26,1,0,0,15,38,6,60,11,11,0,200,0,0,26,0,140,90,,,,1,,
111402,14232,9,16,30,0,0,21,1,0,0,15,38,6,60,11,11,0,200,0,0,26,0,150,90,,,,,,
111403,5232,16,26,150,0,0,51,1,0,0,46,67,67,60,30,31,-1,-1,0,13,41,0,0,90,,,,,,
111404,14231,0,9,60,0,3,26,1,0,0,15,38,6,120,11,11,0,200,0,0,26,0,140,90,,,,,,
111451,268,0,0,0,0,0,0,0,0,0,60,220,110,125,95,50,-1,-1,0,0,0,0,0,0,,,,1,,
#,,,,,,,,,,,,,,,,,,,,,,,,,,,,,,,
111501,15231,0,0,0,0,0,0,1,0,0,61,82,82,60,46,46,-1,-1,0,0,0,0,500,90,,,,,,
#,,,,,,,,,,,,,,,,,,,,,,,,,,,,,,,
111601,16231,0,0,0,0,0,0,1,0,0,0,0,0,60,0,0,-1,-1,0,0,0,0,15,75,,,,,,
#,,,,,,,,,,,,,,,,,,,,,,,,,,,,,,,
111701,17231,0,0,0,0,0,0,1,0,0,0,0,0,60,0,0,-1,-1,0,0,0,0,15,75,,,,,,
#,,,,,,,,,,,,,,,,,,,,,,,,,,,,,,,
111901,19231,0,6,20,0,1,22,1,0,0,16,50,0,60,13,13,-1,-1,0,3,23,-5,60,75,2,,,,,
111902,19232,0,6,20,0,0,18,0,1,0,13,50,0,60,9,9,-1,-1,0,0,19,5,60,75,,1,,1,,
111903,19233,0,7,25,0,0,37,1,0,0,13,50,0,60,12,12,-1,-1,0,2,22,-5,60,100,,,,,,
111904,19234,0,7,35,0,0,18,0,1,0,17,54,0,60,7,7,-1,-1,0,0,17,5,50,75,,1,,,,
111905,19235,0,9,55,0,0,18,2,0,0,15,50,0,60,4,4,-1,-1,0,0,14,0,70,100,,,,,,
111906,19236,0,8,65,0,0,18,0,3,0,36,57,57,60,3,3,-1,-1,0,0,13,0,55,100,,,,,,
111907,19235,0,9,82,0,0,25,1,0,0,15,50,0,60,4,4,-1,-1,0,0,14,0,0,75,,,,,,
111908,19231,0,6,20,0,1,21,1,0,0,16,50,0,120,13,13,-1,-1,0,3,23,-5,60,75,,,,,,
111951,268,0,0,0,0,0,0,0,0,0,60,220,110,125,95,50,-1,-1,0,0,0,0,0,0,,,,1,,
#,,,,,,,,,,,,,,,,,,,,,,,,,,,,,,,
#,,,,,,,,,,,,,,,,,,,,,,,,,,,,,,,
#,,,,,,,,,,,,,,,,,,,,,,,,,,,,,,,
#,,,,,,,,,,,,,,,,,,,,,,,,,,,,,,,
#,,,,,,,,,,,,,,,,,,,,,,,,,,,,,,,
120001,1231,0,6,20,0,1,8,1,0,0,10,40,0,60,5,5,-1,-1,0,0,21,5,70,90,,,,1,,
120002,1232,0,6,20,0,1,9,1,0,0,9,42,42,60,1,1,-1,-1,0,0,21,-5,60,105,,,,,,
120003,1231,0,6,20,0,1,8,1,0,0,10,40,0,120,5,5,-1,-1,0,0,21,5,70,90,,,,,,
120004,263,2,18,150,0,0,60,85,0,0,16,50,6,42,0,0,-1,-1,0,0,19,0,0,0,,,,1,,
120051,268,0,0,0,0,0,0,0,0,0,60,220,110,125,95,50,-1,-1,0,0,0,0,0,0,,,,1,,
#,,,,,,,,,,,,,,,,,,,,,,,,,,,,,,,
120101,1231,0,6,20,0,1,8,1,0,0,10,43,0,60,5,5,-1,-1,0,0,21,5,70,90,,,,,,
120102,1232,0,6,20,0,1,9,1,0,0,9,42,0,60,1,1,-1,-1,0,0,21,-5,60,105,,,,1,,
120103,1233,0,6,35,0,0,2,1,0,0,4,42,0,60,0,0,-1,-1,0,0,21,5,80,90,,,,,,
120104,1234,0,7,35,0,0,15,1,0,0,10,40,0,60,7,7,-1,-1,0,3,26,0,70,90,,,,,,
120105,1235,0,6,35,0,0,15,1,0,0,4,47,0,60,3,3,-1,-1,0,2,21,0,80,90,,,,,,
120106,1236,2,20,60,0,0,20,1,0,0,39,60,60,60,10,10,-1,-1,0,2,22,0,80,100,,,,,,
120107,1235,0,6,60,0,0,15,1,0,0,5,47,0,60,3,3,-1,-1,0,3,21,0,0,75,,,,,,
120108,2231,0,6,20,0,1,8,1,0,0,10,43,0,120,5,5,-1,-1,0,0,21,-5,70,75,,,,,,
120109,263,2,18,150,0,0,60,85,0,0,16,50,6,42,0,0,-1,-1,0,0,19,0,0,0,,,,1,,
120151,268,0,0,0,0,0,0,0,0,0,60,220,110,125,95,50,-1,-1,0,0,0,0,0,0,,,,1,,
#,,,,,,,,,,,,,,,,,,,,,,,,,,,,,,,
120201,2231,0,8,40,0,0,12,1,0,0,10,40,0,60,3,3,-1,-1,0,0,21,-5,70,75,,,,,,
120202,2232,0,8,25,0,0,12,1,0,0,12,40,0,60,3,3,-1,-1,0,0,21,20,70,75,,,,1,,
120203,2233,0,12,60,0,1,18,1,0,0,20,41,40,60,6,6,-1,-1,0,0,26,0,98,75,,,,,,
120204,2231,0,8,65,0,0,12,1,0,0,10,40,0,60,3,3,-1,-1,0,0,21,0,0,75,,,,,,
120205,2231,0,8,40,0,0,12,1,0,0,10,40,0,120,3,3,-1,-1,0,0,21,-5,70,75,,,,,,
120206,263,2,18,150,0,0,60,85,0,0,16,50,6,42,0,0,-1,-1,0,0,19,0,0,0,,,,1,,
120251,268,0,0,0,0,0,0,0,0,0,60,220,110,125,95,50,-1,-1,0,0,0,0,0,0,,,,1,,
#,,,,,,,,,,,,,,,,,,,,,,,,,,,,,,,
120301,3231,0,12,60,0,11,30,1,0,0,16,48,0,60,11,11,-1,-1,0,3,23,0,90,100,,,,,,
120302,3232,0,12,45,0,2,16,1,0,0,16,45,0,60,6,6,-1,-1,0,1,18,5,90,100,,,,1,,
120303,3233,0,14,70,0,8,17,1,0,0,27,48,48,60,6,6,-1,-1,0,1,21,-5,90,100,,,,,,
120304,3233,0,14,120,0,8,17,1,0,0,27,48,48,60,8,8,-1,-1,0,1,21,0,0,90,,,,,,
120305,3231,0,12,60,0,11,30,1,0,0,16,48,0,120,11,11,-1,-1,0,3,23,0,90,100,,,,,,
120306,263,2,18,150,0,0,60,85,0,0,16,50,6,42,0,0,-1,-1,0,0,19,0,0,0,,,,1,,
120351,268,0,0,0,0,0,0,0,0,0,60,220,110,125,95,50,-1,-1,0,0,0,0,0,0,,,,1,,
#,,,,,,,,,,,,,,,,,,,,,,,,,,,,,,,
120401,4231,10,17,50,0,0,18,1,0,0,18,28,0,60,3,3,-1,-1,0,0,21,0,120,90,,,,,,
120402,4232,14,17,50,0,0,22,1,0,0,21,30,0,60,3,3,-1,-1,0,0,21,0,105,90,,,,,,
120403,4233,16,22,50,0,1,57,1,0,0,57,70,70,60,6,6,-1,-1,0,0,26,0,130,90,,,,,,
120404,2233,0,12,90,0,1,18,1,0,0,20,41,40,60,6,6,-1,-1,0,0,26,0,0,90,,,,,,
120405,2231,0,8,40,0,0,12,1,0,0,10,40,0,120,3,3,-1,-1,0,0,21,0,120,90,,,,,,
120406,263,2,18,150,0,0,60,85,0,0,16,50,6,42,0,0,-1,-1,0,0,19,0,0,0,,,,1,,
120451,268,0,0,0,0,0,0,0,0,0,60,220,110,125,95,50,-1,-1,0,0,0,0,0,0,,,,1,,
#,,,,,,,,,,,,,,,,,,,,,,,,,,,,,,,
120501,5231,0,17,65,0,22,40,1,0,0,40,67,15,60,30,30,-1,-1,0,22,42,20,100,125,,,,1,,
120502,5232,8,32,75,0,22,40,1,0,0,55,76,76,60,26,26,-1,-1,0,18,46,0,100,90,,,,1,,
120503,5232,8,32,150,0,22,40,1,0,0,55,76,76,60,31,31,-1,-1,0,18,46,0,0,90,,,,,,
120504,5231,0,17,65,0,22,40,1,0,0,40,67,15,120,30,30,-1,-1,0,22,42,20,100,125,,,,,,
120551,268,0,0,0,0,0,0,0,0,0,60,220,110,125,95,50,-1,-1,0,0,0,0,0,0,,,,1,,
#,,,,,,,,,,,,,,,,,,,,,,,,,,,,,,,
120601,6231,8,18,52,0,0,50,1,0,0,28,33,20,51,15,15,-1,-1,0,9,30,-10,100,110,,,,,,
120602,6232,15,22,15,0,0,40,1,0,0,24,50,25,60,16,16,-1,-1,0,10,30,0,90,100,,,,1,,
120603,6235,0,20,40,0,0,60,1,0,0,60,65,65,60,15,15,-1,-1,0,10,30,10,80,100,,,,,,
120604,6233,0,0,0,0,0,0,1,0,0,0,0,0,60,0,0,-1,-1,0,0,0,0,0,90,,,,,,
120605,6234,9,15,68,0,0,60,1,0,0,30,33,45,45,10,0,-1,-1,0,10,21,0,120,100,,,,,,
120606,6232,15,22,15,0,0,60,30,0,0,24,50,25,60,16,0,-1,-1,0,10,30,0,20,100,,,,,,
120607,6232,15,22,15,0,0,60,31,0,0,24,50,25,60,16,0,-1,-1,0,10,30,0,20,100,,,,,,
120608,6232,15,22,15,0,0,60,32,0,0,24,50,25,60,16,0,-1,-1,0,10,30,0,20,100,,,,,,
120609,6232,15,22,15,0,0,60,33,0,0,24,50,25,60,16,0,-1,-1,0,10,30,0,20,100,,,,,,
120610,6091,3,20,450,0,0,0,1,0,0,0,0,10,8,0,0,-1,-1,0,0,0,0,0,0,,,1,,1,
120611,6235,0,20,40,0,0,60,34,0,0,55,65,60,51,15,0,-1,-1,0,10,30,0,100,100,,,,,,
120612,265,98,108,52,0,0,140,86,0,0,160,160,20,151,1,1,-1,-1,90,79,120,-10,100,110,,,,1,,
120651,268,0,0,0,0,0,0,0,0,0,60,220,110,125,95,50,-1,-1,0,0,0,0,0,0,,,,1,,
#,,,,,,,,,,,,,,,,,,,,,,,,,,,,,,,
120701,7231,0,0,0,0,0,0,1,0,0,0,0,0,60,0,0,-1,-1,0,0,0,0,45,90,,,,,,
120702,7231,0,0,0,0,0,0,1,0,0,0,0,0,60,0,0,-1,-1,0,0,0,0,0,90,,,,,,
120703,7231,0,0,0,0,0,0,1,0,0,0,0,0,120,0,0,-1,-1,0,0,0,0,45,90,,,,,,
120751,268,0,0,0,0,0,0,0,0,0,60,220,110,125,95,50,-1,-1,0,0,0,0,0,0,,,,1,,
#,,,,,,,,,,,,,,,,,,,,,,,,,,,,,,,
120801,3231,0,12,60,0,11,30,1,0,0,16,48,0,60,11,11,-1,-1,0,3,23,0,90,100,,,,,,
120802,3232,0,12,45,0,2,16,1,0,0,16,45,0,60,6,6,-1,-1,0,1,18,5,90,100,,,,1,,
120803,3233,0,14,70,0,8,17,1,0,0,27,48,48,60,8,8,-1,-1,0,1,21,-5,90,100,,,,,,
120804,3233,0,14,120,0,8,17,1,0,0,27,48,48,60,8,8,-1,-1,0,1,21,0,0,90,,,,,,
120805,3231,0,12,60,0,11,30,1,0,0,16,48,0,120,11,11,-1,-1,0,3,23,0,90,100,,,,,,
120806,263,2,18,150,0,0,60,85,0,0,16,50,6,42,0,0,-1,-1,0,0,19,0,0,0,,,,1,,
120851,268,0,0,0,0,0,0,0,0,0,60,220,110,125,95,50,-1,-1,0,0,0,0,0,0,,,,1,,
#,,,,,,,,,,,,,,,,,,,,,,,,,,,,,,,
120901,9231,0,22,70,0,18,55,1,0,0,45,70,20,60,31,31,-1,-1,0,6,41,-15,80,90,,,,1,,
120902,9232,0,27,75,0,32,60,1,0,0,58,79,79,60,31,31,-1,-1,0,11,51,-15,80,90,,,,1,,
120903,9232,0,32,130,0,32,60,1,0,0,63,84,84,60,36,36,-1,-1,0,11,51,0,0,90,,,,,,
120904,9231,0,22,70,0,18,55,1,0,0,45,70,20,120,31,31,-1,-1,0,6,41,-15,80,90,,,,,,
120910,6091,3,20,450,0,0,0,1,0,0,0,0,10,8,0,0,-1,-1,0,0,0,0,0,0,,,1,,1,
120951,268,0,0,0,0,0,0,0,0,0,60,220,110,125,95,50,-1,-1,0,0,0,0,0,0,,,,1,,
#,,,,,,,,,,,,,,,,,,,,,,,,,,,,,,,
121001,10231,0,10,55,0,20,22,1,0,0,19,52,3,60,13,13,-1,-1,0,1,16,-10,85,100,,,,,,
121002,10232,0,12,50,0,15,26,1,0,0,36,57,57,60,12,12,-1,-1,0,1,16,10,85,100,,,,1,,
121003,10231,0,10,90,0,20,22,1,0,0,19,52,3,60,13,13,-1,-1,0,1,16,0,0,75,,,,,,
121004,10231,0,10,55,0,20,22,1,0,0,19,52,3,120,13,13,-1,-1,0,1,16,-10,85,100,,,,,,
121005,263,2,18,150,0,0,60,85,0,0,16,50,6,42,0,0,-1,-1,0,0,19,0,0,0,,,,1,,
121051,268,0,0,0,0,0,0,0,0,0,60,220,110,125,95,50,-1,-1,0,0,0,0,0,0,,,,1,,
#,,,,,,,,,,,,,,,,,,,,,,,,,,,,,,,
121101,9231,0,22,70,0,18,55,1,0,0,45,70,20,60,31,31,-1,-1,0,6,41,-15,80,90,,,,1,,
121102,9232,0,32,75,0,32,60,1,0,0,63,84,84,60,36,36,-1,-1,0,11,51,-15,80,90,,,,1,,
121103,9232,0,32,130,0,32,60,1,0,0,63,84,84,60,36,36,-1,-1,0,11,51,0,0,90,,,,,,
121104,9231,0,22,70,0,18,55,1,0,0,45,70,20,120,31,31,-1,-1,0,6,41,-15,80,90,,,,,,
121151,268,0,0,0,0,0,0,0,0,0,60,220,110,125,95,50,-1,-1,0,0,0,0,0,0,,,,1,,
#,,,,,,,,,,,,,,,,,,,,,,,,,,,,,,,
121201,10231,0,10,55,0,2,22,1,0,0,48,70,49,60,6,6,-1,-1,0,1,16,0,90,75,,,,,,
121202,10231,0,10,90,0,2,22,1,0,0,31,52,52,60,6,6,-1,-1,0,1,16,0,0,75,,,,,,
121203,10231,1,13,55,0,10,33,1,0,0,58,67,50,120,20,20,-1,-1,0,10,35,0,90,90,,,,,,
121204,263,2,18,150,0,0,60,85,0,0,16,50,6,42,0,0,-1,-1,0,0,19,0,0,0,,,,1,,
121251,268,0,0,0,0,0,0,0,0,0,60,220,110,125,95,50,-1,-1,0,0,0,0,0,0,,,,1,,
#,,,,,,,,,,,,,,,,,,,,,,,,,,,,,,,
121301,13231,1,13,55,0,10,33,1,0,0,58,67,50,60,20,20,-1,-1,0,10,35,0,90,90,,,,1,,
121303,13231,1,13,80,0,10,33,1,0,0,46,67,15,60,20,20,-1,-1,0,10,35,0,0,90,,,,,,
121304,13231,1,13,55,0,10,33,1,0,0,58,67,50,120,20,20,-1,-1,0,10,35,0,90,90,,,,,,
121351,268,0,0,0,0,0,0,0,0,0,60,220,110,125,95,50,-1,-1,0,0,0,0,0,0,,,,1,,
#,,,,,,,,,,,,,,,,,,,,,,,,,,,,,,,
121401,14231,0,15,60,0,5,30,1,0,0,30,53,15,60,17,17,-1,-1,0,0,16,0,140,90,,,,1,,
121402,14232,0,15,60,0,5,30,1,0,0,30,53,15,60,17,17,-1,-1,0,0,16,0,140,90,,,,,,
121403,9232,0,32,130,0,32,60,1,0,0,63,84,84,60,36,36,-1,-1,0,11,51,0,0,90,,,,,,
121404,14231,0,15,60,0,5,30,1,0,0,30,53,15,60,17,17,-1,-1,0,0,16,0,140,90,,,,,,
121451,268,0,0,0,0,0,0,0,0,0,60,220,110,125,95,50,-1,-1,0,0,0,0,0,0,,,,1,,
#,,,,,,,,,,,,,,,,,,,,,,,,,,,,,,,
121501,15231,0,0,0,0,46,46,1,0,0,70,91,91,60,46,46,-1,-1,0,0,0,0,500,90,,,,,,
#,,,,,,,,,,,,,,,,,,,,,,,,,,,,,,,
121601,16231,0,0,0,0,0,0,1,0,0,0,0,0,60,0,0,-1,-1,0,0,0,0,15,75,,,,,,
#,,,,,,,,,,,,,,,,,,,,,,,,,,,,,,,
121701,17231,0,52,0,0,35,0,1,0,0,0,0,0,60,0,0,-1,-1,0,0,0,0,15,75,,,,,,
#,,,,,,,,,,,,,,,,,,,,,,,,,,,,,,,
121901,19231,0,6,20,0,1,8,0,1,0,10,43,0,60,5,5,-1,-1,0,0,21,5,70,90,0,1,,,,
121902,19232,0,6,20,0,1,9,1,0,0,9,42,0,60,1,1,-1,-1,0,0,21,-5,60,105,2,0,,1,,
121903,19233,0,6,35,0,0,2,0,1,0,4,42,0,60,1,1,-1,-1,0,0,21,5,80,90,0,1,,,,
121904,19234,0,7,35,0,0,15,2,0,0,10,40,0,60,7,7,-1,-1,0,3,26,0,70,90,,,,,,
121905,19235,0,6,35,0,0,15,2,0,0,4,47,0,60,3,3,-1,-1,0,2,21,0,80,90,,,,,,
121906,19236,2,20,60,0,0,20,0,3,0,39,60,60,60,10,10,-1,-1,0,2,22,0,80,100,,,,,,
121907,19235,0,6,60,0,0,15,1,0,0,5,47,0,60,3,3,-1,-1,0,3,21,0,0,75,,,,,,
121908,19231,0,6,20,0,1,8,1,0,0,10,43,0,120,5,5,-1,-1,0,0,21,-5,70,75,,,,,,
121951,268,0,0,0,0,0,0,0,0,0,60,220,110,125,95,50,-1,-1,0,0,0,0,0,0,,,,1,,
#,,,,,,,,,,,,,,,,,,,,,,,,,,,,,,,
#,,,,,,,,,,,,,,,,,,,,,,,,,,,,,,,
#,,,,,,,,,,,,,,,,,,,,,,,,,,,,,,,
#,,,,,,,,,,,,,,,,,,,,,,,,,,,,,,,
210001,1231,0,8,20,0,1,8,1,0,0,6,36,0,60,1,1,-1,-1,0,0,21,-5,70,100,,,,1,,
210002,1232,0,9,20,0,1,9,1,0,0,5,32,42,60,2,2,-1,-1,0,0,21,10,60,100,,,,,,
210003,1231,0,8,20,0,1,8,1,0,0,6,36,0,120,1,1,-1,-1,0,0,21,-5,70,100,,,,,,
210004,263,2,12,150,0,0,60,85,0,0,16,50,6,47,0,0,-1,-1,0,0,19,0,0,0,,,,1,,
210051,268,0,0,0,0,0,0,0,0,0,60,220,110,125,95,50,-1,-1,0,0,0,0,0,0,,,,1,,
#,,,,,,,,,,,,,,,,,,,,,,,,,,,,,,,
210101,1231,0,8,20,0,1,8,1,0,0,4,36,0,60,1,1,-1,-1,0,0,21,-5,70,100,,,,,,
210102,1232,0,9,20,0,1,9,1,0,0,4,32,0,60,2,2,-1,-1,0,0,21,10,60,100,,,,1,,
210103,1233,0,8,25,0,0,2,1,0,0,5,38,0,60,1,1,-1,-1,0,1,21,-5,60,110,,,,,,
210104,1234,0,10,30,0,1,12,1,0,0,12,47,0,60,5,5,-1,-1,0,3,26,10,70,100,,,,,,
210105,1235,0,8,30,0,1,9,1,0,0,12,47,0,60,5,5,-1,-1,0,3,21,-5,80,100,,,,,,
210106,1236,0,16,70,0,1,12,1,0,0,35,56,56,60,8,8,-1,-1,0,26,35,5,60,110,,,,,,
210107,1235,0,8,65,0,1,9,1,0,0,12,47,0,60,5,5,-1,-1,0,3,21,0,0,75,,,,,,
210108,1231,0,8,20,0,1,8,1,0,0,4,36,0,120,1,1,-1,-1,0,0,21,-5,70,100,,,,,,
210109,263,2,12,150,0,0,60,85,0,0,16,50,6,47,0,0,-1,-1,0,0,19,0,0,0,,,,1,,
210151,268,0,0,0,0,0,0,0,0,0,60,220,110,125,95,50,-1,-1,0,0,0,0,0,0,,,,1,,
#,,,,,,,,,,,,,,,,,,,,,,,,,,,,,,,
210201,2231,0,8,40,0,0,12,1,0,0,8,38,0,60,3,3,-1,-1,0,0,21,-5,85,90,,,,1,,
210202,2232,0,11,25,0,0,12,1,0,0,11,40,0,60,5,5,-1,-1,0,0,21,20,60,90,,,,1,,
210203,2233,0,11,45,0,1,18,1,0,0,24,45,45,60,8,8,-1,-1,0,0,26,-5,78,90,,,,,,
210204,2231,0,8,65,0,0,12,1,0,0,11,38,0,60,3,3,-1,-1,0,0,21,0,0,75,,,,,,
210205,2231,0,8,40,0,0,12,1,0,0,8,38,0,120,3,3,-1,-1,0,0,21,-5,85,90,,,,,,
210206,263,2,12,150,0,0,60,85,0,0,16,50,6,47,0,0,-1,-1,0,0,19,0,0,0,,,,1,,
210251,268,0,0,0,0,0,0,0,0,0,60,220,110,125,95,50,-1,-1,0,0,0,0,0,0,,,,1,,
#,,,,,,,,,,,,,,,,,,,,,,,,,,,,,,,
210301,3231,0,13,50,0,11,30,1,0,0,13,42,0,60,6,6,-1,-1,0,3,23,0,90,100,,,,1,,
210302,3232,0,15,50,0,2,16,1,0,0,14,44,0,60,6,6,-1,-1,0,1,18,5,90,100,,,,1,,
210303,3233,0,14,60,0,8,17,1,0,0,27,51,48,60,8,8,-1,-1,0,1,21,-5,90,128,,,,,,
210304,3233,0,14,100,0,8,17,1,0,0,27,51,48,60,8,8,-1,-1,0,1,21,0,0,90,,,,,,
210305,3231,0,13,50,0,11,30,1,0,0,13,42,0,120,6,6,-1,-1,0,3,23,0,90,100,,,,,,
210306,263,2,12,150,0,0,60,85,0,0,16,50,6,47,0,0,-1,-1,0,0,19,0,0,0,,,,1,,
210351,268,0,0,0,0,0,0,0,0,0,60,220,110,125,95,50,-1,-1,0,0,0,0,0,0,,,,1,,
#,,,,,,,,,,,,,,,,,,,,,,,,,,,,,,,
210401,4231,10,17,50,0,0,18,1,0,0,18,28,0,60,3,3,-1,-1,0,0,21,0,120,90,,,,,,
210402,4232,14,17,50,0,0,22,1,0,0,21,30,0,60,3,3,-1,-1,0,0,21,0,105,90,,,,,,
210403,4233,16,22,50,0,1,57,1,0,0,57,70,70,60,6,6,-1,-1,0,0,26,0,130,90,,,,,,
210404,2233,0,11,70,0,1,18,1,0,0,24,45,45,60,8,8,-1,-1,0,0,26,0,0,90,,,,,,
210405,2231,0,8,40,0,0,12,1,0,0,11,38,0,120,3,3,-1,-1,0,0,21,0,120,90,,,,,,
210406,263,2,12,150,0,0,60,85,0,0,16,50,6,47,0,0,-1,-1,0,0,19,0,0,0,,,,1,,
210451,268,0,0,0,0,0,0,0,0,0,60,220,110,125,95,50,-1,-1,0,0,0,0,0,0,,,,1,,
#,,,,,,,,,,,,,,,,,,,,,,,,,,,,,,,
210501,5231,1,13,75,0,22,40,1,0,0,32,60,15,60,18,18,-1,-1,0,11,35,-10,100,100,,,,1,,
210502,5232,10,27,65,0,22,40,1,0,0,55,76,76,60,34,34,-1,-1,0,18,46,0,125,110,,,,1,,
210503,5232,10,27,120,0,22,40,1,0,0,55,76,76,60,34,25,-1,-1,0,18,46,0,0,90,,,,,,
210504,5231,1,13,75,0,22,40,1,0,0,32,60,15,120,18,18,-1,-1,0,11,35,-10,100,100,,,,,,
210551,268,0,0,0,0,0,0,0,0,0,60,220,110,125,95,50,-1,-1,0,0,0,0,0,0,,,,1,,
#,,,,,,,,,,,,,,,,,,,,,,,,,,,,,,,
210601,6231,20,29,33,0,0,50,1,0,0,35,50,0,60,18,18,-1,-1,0,6,20,5,90,110,,,,,,
210602,6232,0,21,70,0,0,40,1,0,0,40,56,0,60,12,12,-1,-1,0,0,20,-15,90,100,,,,1,,
210603,6235,7,18,50,0,0,60,1,0,0,48,65,65,60,10,10,-1,-1,0,0,20,10,120,100,,,,,,
210604,6233,0,0,0,0,0,0,1,0,0,0,0,0,60,0,0,-1,-1,0,0,0,0,0,90,,,,,,
210605,6234,11,17,50,0,0,60,1,0,0,35,65,65,68,16,0,-1,-1,0,16,30,0,120,100,,,,,,
210606,6232,0,21,70,0,0,60,40,0,0,40,56,0,60,12,0,-1,-1,0,0,20,30,100,115,,,,,,
210607,6232,0,21,70,0,0,60,41,0,0,40,56,0,60,12,0,-1,-1,0,0,20,30,100,115,,,,,,
210608,6232,0,21,70,0,0,60,42,0,0,40,56,0,60,12,0,-1,-1,0,0,20,30,100,115,,,,,,
210609,6232,0,21,70,0,0,60,43,0,0,40,56,0,60,12,0,-1,-1,0,0,20,30,100,115,,,,,,
210610,6091,0,30,450,0,0,0,1,0,0,0,0,5,10,0,0,-1,-1,0,0,0,0,0,0,,,1,,1,
210611,6235,7,18,50,0,0,60,44,0,0,48,65,65,54,10,0,-1,-1,0,0,20,0,140,100,,,,,,
210612,265,110,119,33,0,0,160,86,0,0,125,140,20,176,1,1,-1,-1,90,76,110,5,90,110,,,,1,,
210651,268,0,0,0,0,0,0,0,0,0,60,220,110,125,95,50,-1,-1,0,0,0,0,0,0,,,,1,,
#,,,,,,,,,,,,,,,,,,,,,,,,,,,,,,,
210701,7231,0,0,0,0,0,0,1,0,0,0,0,0,60,0,0,-1,-1,0,0,0,0,45,90,,,,,,
210702,7231,0,0,0,0,0,0,1,0,0,0,0,0,60,0,0,-1,-1,0,0,0,0,0,90,,,,,,
210703,7231,0,0,0,0,0,0,1,0,0,0,0,0,120,0,0,-1,-1,0,0,0,0,45,90,,,,,,
210751,268,0,0,0,0,0,0,0,0,0,60,220,110,125,95,50,-1,-1,0,0,0,0,0,0,,,,1,,
#,,,,,,,,,,,,,,,,,,,,,,,,,,,,,,,
210801,3231,0,13,50,0,11,30,1,0,0,13,42,0,60,6,6,-1,-1,0,3,23,0,90,100,,,,,,
210802,3232,0,15,50,0,2,16,1,0,0,14,44,0,60,6,6,-1,-1,0,1,18,5,90,100,,,,1,,
210803,3233,0,14,60,0,8,17,1,0,0,27,51,48,60,8,8,-1,-1,0,1,21,-5,90,128,,,,,,
210804,3233,0,14,100,0,8,17,1,0,0,27,51,48,60,8,8,-1,-1,0,1,21,0,0,90,,,,,,
210805,3231,0,13,50,0,11,30,1,0,0,13,42,0,120,6,6,-1,-1,0,3,23,0,90,100,,,,,,
210806,263,2,12,150,0,0,60,85,0,0,16,50,6,47,0,0,-1,-1,0,0,19,0,0,0,,,,1,,
210851,268,0,0,0,0,0,0,0,0,0,60,220,110,125,95,50,-1,-1,0,0,0,0,0,0,,,,1,,
#,,,,,,,,,,,,,,,,,,,,,,,,,,,,,,,
210901,9231,2,22,60,0,18,55,1,0,0,42,72,20,60,24,24,-1,-1,0,6,41,30,100,90,,,,1,,
210902,9232,4,20,70,0,32,60,1,0,0,46,67,84,60,18,18,-1,-1,0,11,51,0,90,110,,,,1,,
210903,9232,4,20,135,0,32,60,1,0,0,46,67,84,60,21,21,-1,-1,0,11,51,0,0,90,,,,,,
210904,9231,2,22,60,0,18,55,1,0,0,42,72,20,120,24,24,-1,-1,0,6,41,30,100,90,,,,,,
210910,6091,0,30,450,0,0,0,1,0,0,0,0,5,10,0,0,-1,-1,0,0,0,0,0,0,,,1,,1,
210951,268,0,0,0,0,0,0,0,0,0,60,220,110,125,95,50,-1,-1,0,0,0,0,0,0,,,,1,,
#,,,,,,,,,,,,,,,,,,,,,,,,,,,,,,,
211001,10231,0,11,55,0,2,22,1,0,0,15,52,3,60,10,10,-1,-1,0,1,16,-20,85,100,,,,,,
211002,10232,0,15,50,0,7,26,1,0,0,36,57,57,60,10,10,-1,-1,0,1,16,20,85,100,,,,1,,
211003,10232,0,15,85,0,7,26,1,0,0,31,52,52,60,10,10,-1,-1,0,1,16,0,0,75,,,,,,
211004,10231,0,11,55,0,2,22,1,0,0,15,52,3,120,10,10,-1,-1,0,1,16,-20,85,100,,,,,,
211005,263,2,12,150,0,0,60,85,0,0,16,50,6,47,0,0,-1,-1,0,0,19,0,0,0,,,,1,,
211051,268,0,0,0,0,0,0,0,0,0,60,220,110,125,95,50,-1,-1,0,0,0,0,0,0,,,,1,,
#,,,,,,,,,,,,,,,,,,,,,,,,,,,,,,,
211101,9231,2,20,55,0,18,55,1,0,0,42,72,20,60,26,26,-1,-1,0,6,41,30,100,90,,,,1,,
211102,9232,4,20,60,0,32,60,1,0,0,46,67,84,60,21,21,-1,-1,0,11,51,0,90,110,,,,1,,
211103,9232,4,20,135,0,32,60,1,0,0,46,67,84,60,21,21,-1,-1,0,11,51,0,0,90,,,,,,
211104,9231,2,20,55,0,18,55,1,0,0,42,72,20,120,26,26,-1,-1,0,6,41,30,100,90,,,,,,
211151,268,0,0,0,0,0,0,0,0,0,60,220,110,125,95,50,-1,-1,0,0,0,0,0,0,,,,1,,
#,,,,,,,,,,,,,,,,,,,,,,,,,,,,,,,
#,,,,,,,,,,,,,,,,,,,,,,,,,,,,,,,
211201,10231,0,11,55,0,2,22,1,0,0,48,70,49,60,10,10,-1,-1,0,1,16,0,90,75,,,,,,
211202,10231,0,11,90,0,2,22,1,0,0,29,52,52,60,10,10,-1,-1,0,1,16,0,0,75,,,,,,
211203,10231,0,11,55,0,2,22,1,0,0,48,70,49,120,10,10,-1,-1,0,1,16,0,90,75,,,,,,
211204,263,2,12,150,0,0,60,85,0,0,16,50,6,47,0,0,-1,-1,0,0,19,0,0,0,,,,1,,
211251,268,0,0,0,0,0,0,0,0,0,60,220,110,125,95,50,-1,-1,0,0,0,0,0,0,,,,1,,
#,,,,,,,,,,,,,,,,,,,,,,,,,,,,,,,
211301,13231,6,18,60,0,10,33,1,0,0,60,77,48,60,20,20,-1,-1,0,10,35,10,80,90,,,,1,,
211303,13231,6,18,80,0,10,33,1,0,0,46,67,67,60,20,20,-1,-1,0,10,35,0,0,90,,,,1,,
211304,13231,6,18,60,0,10,33,1,0,0,60,77,48,120,20,20,-1,-1,0,10,35,10,80,90,,,,,,
211351,268,0,0,0,0,0,0,0,0,0,60,220,110,125,95,50,-1,-1,0,0,0,0,0,0,,,,1,,
#,,,,,,,,,,,,,,,,,,,,,,,,,,,,,,,
211401,14231,0,15,60,0,5,30,1,0,0,33,65,15,60,14,14,-1,-1,0,0,16,0,130,90,,,,1,,
211402,14232,0,15,60,0,5,30,1,0,0,33,65,15,60,14,14,-1,-1,0,0,16,0,130,90,,,,,,
211403,13231,6,18,80,0,10,33,1,0,0,46,67,67,60,20,20,-1,-1,0,10,35,0,0,90,,,,,,
211404,14231,0,15,60,0,5,30,1,0,0,33,65,15,120,14,14,-1,-1,0,0,16,0,130,90,,,,,,
211451,268,0,0,0,0,0,0,0,0,0,60,220,110,125,95,50,-1,-1,0,0,0,0,0,0,,,,1,,
#,,,,,,,,,,,,,,,,,,,,,,,,,,,,,,,
211501,15231,0,0,0,0,46,46,1,0,0,70,91,91,60,46,46,-1,-1,0,0,0,0,500,90,,,,,,
#,,,,,,,,,,,,,,,,,,,,,,,,,,,,,,,
211601,16231,0,0,0,0,0,0,1,0,0,0,0,0,60,0,0,-1,-1,0,0,0,0,15,75,,,,,,
#,,,,,,,,,,,,,,,,,,,,,,,,,,,,,,,
211701,17231,0,0,0,0,0,0,1,0,0,0,0,0,60,0,0,-1,-1,0,0,0,0,15,75,,,,,,
#,,,,,,,,,,,,,,,,,,,,,,,,,,,,,,,
211901,19231,0,8,20,0,1,20,1,0,0,4,36,0,60,1,1,-1,-1,0,0,21,-5,70,100,2,,,,,
211902,19232,0,9,20,0,6,18,0,1,0,4,32,0,60,2,2,-1,-1,0,0,21,10,60,100,,1,,1,,
211903,19233,0,8,25,0,0,32,1,0,0,5,38,0,60,1,1,-1,-1,0,1,21,-5,60,110,,,,,,
211904,19234,0,10,30,0,0,15,2,0,0,12,47,0,60,5,5,-1,-1,0,3,26,10,70,100,,,,,,
211905,19235,0,8,30,0,0,15,2,0,0,12,47,0,60,5,5,-1,-1,0,3,21,-5,80,100,,,,,,
211906,19236,0,16,70,0,0,20,2,0,0,35,56,56,60,8,8,-1,-1,0,26,35,5,60,110,,,,,,
211907,19235,0,8,65,0,1,9,1,0,0,12,47,0,60,5,5,-1,-1,0,3,21,0,0,75,,,,,,
211908,19231,0,8,20,0,1,8,1,0,0,4,36,0,120,1,1,-1,-1,0,0,21,-5,70,100,,,,,,
211951,268,0,0,0,0,0,0,0,0,0,60,220,110,125,95,50,-1,-1,0,0,0,0,0,0,,,,1,,
#,,,,,,,,,,,,,,,,,,,,,,,,,,,,,,,
#,,,,,,,,,,,,,,,,,,,,,,,,,,,,,,,
#,,,,,,,,,,,,,,,,,,,,,,,,,,,,,,,
#,,,,,,,,,,,,,,,,,,,,,,,,,,,,,,,
220001,1231,0,8,20,0,5,20,1,0,0,12,45,0,60,8,8,-1,-1,0,0,21,0,75,100,,,,1,,
220002,1232,0,8,20,0,3,20,1,0,0,12,44,44,60,8,8,-1,-1,0,0,21,0,50,100,,,,,,
220003,1231,0,8,20,0,5,20,1,0,0,12,45,0,120,8,8,-1,-1,0,0,21,0,75,100,,,,,,
220004,263,1,10,140,0,0,60,85,0,0,16,50,6,46,0,0,-1,-1,0,0,15,0,0,0,,,,1,,
220051,268,0,0,0,0,0,0,0,0,0,60,220,110,125,95,50,-1,-1,0,0,0,0,0,0,,,,1,,
#,,,,,,,,,,,,,,,,,,,,,,,,,,,,,,,
220101,1231,0,8,20,0,5,25,1,0,0,12,45,0,60,8,8,-1,-1,0,0,21,0,75,100,,,,,,
220102,1232,0,8,20,0,3,12,1,0,0,12,44,0,60,8,8,-1,-1,0,0,21,0,50,100,,,,1,,
220103,1233,0,8,25,0,4,30,1,0,0,16,50,0,60,11,11,-1,-1,0,1,21,-20,70,100,,,,,,
220104,1234,0,10,60,0,6,35,1,0,0,23,55,0,60,17,17,-1,-1,0,11,27,-10,60,100,,,,,,
220105,1235,0,11,35,0,0,30,1,0,0,18,50,0,60,11,11,-1,-1,0,11,21,10,85,100,,,,,,
220106,1236,0,11,70,0,18,55,1,0,0,51,72,72,60,15,15,-1,-1,0,5,25,0,65,130,,,,,,
220107,1235,0,11,60,0,0,30,1,0,0,18,50,0,60,11,11,-1,-1,0,11,21,0,0,100,,,,,,
220108,1231,0,8,20,0,5,25,1,0,0,12,45,0,120,8,8,-1,-1,0,0,21,0,75,100,,,,,,
220109,263,1,10,140,0,0,60,85,0,0,16,50,6,46,0,0,-1,-1,0,0,15,0,0,0,,,,1,,
220151,268,0,0,0,0,0,0,0,0,0,60,220,110,125,95,50,-1,-1,0,0,0,0,0,0,,,,1,,
#,,,,,,,,,,,,,,,,,,,,,,,,,,,,,,,
220201,2231,0,15,40,0,0,15,1,0,0,7,32,0,60,3,3,-1,-1,0,0,21,10,85,90,,,,1,,
220202,2232,0,15,25,0,0,20,1,0,0,15,40,0,60,3,3,-1,-1,0,0,21,20,64,90,,,,1,,
220203,2233,0,15,60,0,0,31,1,0,0,24,45,45,60,6,6,-1,-1,0,0,26,-5,72,90,,,,,,
220204,2231,0,15,65,0,0,15,1,0,0,7,32,0,60,3,3,-1,-1,0,0,21,0,0,100,,,,,,
220205,2231,0,15,40,0,0,15,1,0,0,7,32,0,120,3,3,-1,-1,0,0,21,10,85,90,,,,,,
220206,263,1,10,140,0,0,60,85,0,0,16,50,6,46,0,0,-1,-1,0,0,15,0,0,0,,,,1,,
220251,268,0,0,0,0,0,0,0,0,0,60,220,110,125,95,50,-1,-1,0,0,0,0,0,0,,,,1,,
#,,,,,,,,,,,,,,,,,,,,,,,,,,,,,,,
220301,3231,0,12,60,0,3,30,1,0,0,18,47,3,60,16,16,-1,-1,0,6,26,0,90,100,,,,,,
220302,3232,0,12,50,0,0,20,1,0,0,17,47,2,60,11,11,6,120,0,1,21,5,90,100,,,,1,,
220303,3233,0,15,70,0,0,30,1,0,0,40,61,61,60,11,11,8,120,0,1,21,-5,90,128,,,,,,
220304,3233,0,15,120,0,0,30,1,0,0,40,61,61,60,11,11,8,120,0,1,21,0,0,100,,,,,,
220305,3231,0,12,60,0,3,30,1,0,0,18,47,3,120,16,16,-1,-1,0,6,26,0,90,100,,,,,,
220306,263,1,10,140,0,0,60,85,0,0,16,50,6,46,0,0,-1,-1,0,0,15,0,0,0,,,,1,,
220351,268,0,0,0,0,0,0,0,0,0,60,220,110,125,95,50,-1,-1,0,0,0,0,0,0,,,,1,,
#,,,,,,,,,,,,,,,,,,,,,,,,,,,,,,,
220401,4231,10,17,50,0,0,18,1,0,0,18,28,0,60,3,3,-1,-1,0,0,21,0,115,100,,,,,,
220402,4232,14,17,50,0,0,22,1,0,0,21,30,0,60,3,3,-1,-1,0,0,21,0,90,100,,,,,,
220403,4233,16,22,50,0,1,57,1,0,0,57,70,70,60,6,6,-1,-1,0,0,26,0,125,100,,,,,,
220404,2233,0,15,70,0,0,31,1,0,0,24,45,45,60,6,6,-1,-1,0,0,26,0,125,100,,,,,,
220405,2231,0,15,40,0,0,15,1,0,0,7,32,0,120,3,3,-1,-1,0,0,21,0,115,100,,,,,,
220406,263,1,10,140,0,0,60,85,0,0,16,50,6,46,0,0,-1,-1,0,0,15,0,0,0,,,,1,,
220451,268,0,0,0,0,0,0,0,0,0,60,220,110,125,95,50,-1,-1,0,0,0,0,0,0,,,,1,,
#,,,,,,,,,,,,,,,,,,,,,,,,,,,,,,,
220501,5231,30,40,55,0,15,60,1,0,0,55,85,25,60,32,32,28,120,0,11,51,0,120,115,,,,1,,
220502,5232,20,30,60,0,5,50,1,0,0,50,71,71,60,25,25,22,120,0,18,46,20,105,130,,,,1,,
220503,5232,20,30,100,0,5,50,1,0,0,50,71,71,60,31,31,22,120,0,18,46,0,0,100,,,,,,
220504,5231,30,40,55,0,15,60,1,0,0,55,85,25,120,32,32,28,120,0,11,51,0,120,115,,,,,,
220551,268,0,0,0,0,0,0,0,0,0,60,220,110,125,95,50,-1,-1,0,0,0,0,0,0,,,,1,,
#,,,,,,,,,,,,,,,,,,,,,,,,,,,,,,,
220601,6231,8,18,50,0,0,50,1,0,0,35,50,0,54,12,12,-1,-1,0,0,20,-15,100,110,,,,,,
220602,6232,10,25,30,0,0,40,1,0,0,36,38,0,60,12,12,-1,-1,0,0,20,10,90,100,,,,1,,
220603,6235,10,18,30,0,0,60,1,0,0,60,72,60,60,11,11,-1,-1,0,0,20,10,80,100,,,,,,
220604,6233,0,0,0,0,0,0,1,0,0,0,0,0,60,0,0,-1,-1,0,0,0,0,0,90,,,,,,
220605,6234,9,15,68,0,0,60,1,0,0,30,33,45,45,10,0,-1,-1,0,10,21,0,120,100,,,,,,
220606,6232,10,25,30,0,0,60,50,0,0,36,38,0,60,14,0,-1,-1,0,0,20,30,100,115,,,,,,
220607,6232,10,25,30,0,0,60,51,0,0,36,38,0,60,14,0,-1,-1,0,0,20,30,100,115,,,,,,
220608,6232,10,25,30,0,0,60,52,0,0,36,38,0,60,14,0,-1,-1,0,0,20,30,100,115,,,,,,
220609,6232,10,25,30,0,0,60,53,0,0,36,38,0,60,14,0,-1,-1,0,0,20,30,100,115,,,,,,
220610,6091,3,20,450,0,0,0,1,0,0,0,0,5,10,0,0,-1,-1,0,0,0,0,0,0,,,1,,1,
220611,6235,10,18,30,0,0,60,54,0,0,48,61,65,56,11,0,-1,-1,0,0,20,0,120,100,,,,,,
220612,265,98,108,50,0,0,140,86,0,0,125,140,20,156,1,1,-1,-1,90,70,110,-15,100,110,,,,1,,
220651,268,0,0,0,0,0,0,0,0,0,60,220,110,125,95,50,-1,-1,0,0,0,0,0,0,,,,1,,
#,,,,,,,,,,,,,,,,,,,,,,,,,,,,,,,
220701,7231,0,0,0,0,0,0,1,0,0,0,0,0,60,0,0,-1,-1,0,0,0,0,45,90,,,,,,
220702,7231,0,0,0,0,0,0,1,0,0,0,0,0,60,0,0,-1,-1,0,0,0,0,0,90,,,,,,
220703,7231,0,0,0,0,0,0,1,0,0,0,0,0,120,0,0,-1,-1,0,0,0,0,45,90,,,,,,
220751,268,0,0,0,0,0,0,0,0,0,60,220,110,125,95,50,-1,-1,0,0,0,0,0,0,,,,1,,
#,,,,,,,,,,,,,,,,,,,,,,,,,,,,,,,
220801,3231,0,12,60,0,3,30,1,0,0,18,47,3,60,16,16,-1,-1,0,6,26,0,90,100,,,,,,
220802,3232,0,12,50,0,0,20,1,0,0,17,47,2,60,11,11,-1,-1,0,1,21,5,90,100,,,,1,,
220803,3233,0,15,70,0,0,30,1,0,0,45,60,61,60,11,11,-1,-1,0,1,21,-5,90,128,,,,,,
220804,3233,0,15,120,0,0,30,1,0,0,40,61,61,60,11,11,-1,-1,0,1,21,0,0,100,,,,,,
220805,3231,0,12,60,0,3,30,1,0,0,18,47,3,120,16,16,-1,-1,0,6,26,0,90,100,,,,,,
220806,263,1,10,140,0,0,60,85,0,0,16,50,6,46,0,0,-1,-1,0,0,15,0,0,0,,,,1,,
220851,268,0,0,0,0,0,0,0,0,0,60,220,110,125,95,50,-1,-1,0,0,0,0,0,0,,,,1,,
#,,,,,,,,,,,,,,,,,,,,,,,,,,,,,,,
220901,9231,20,30,60,0,18,60,1,0,0,45,75,28,60,25,25,22,120,0,6,41,-5,85,90,,,,1,,
220902,9232,0,45,65,0,23,65,1,0,0,60,81,81,60,32,32,30,120,0,11,51,0,90,110,,,,1,,
220903,9232,0,45,110,0,23,65,1,0,0,60,81,81,60,36,36,30,120,0,11,51,0,0,100,,,,,,
220904,9231,20,30,60,0,18,60,1,0,0,45,75,28,120,25,25,22,120,0,6,41,-5,85,90,,,,,,
220910,6091,3,20,450,0,0,0,1,0,0,0,0,5,10,0,0,-1,-1,0,0,0,0,0,0,,,1,,1,
220951,268,0,0,0,0,0,0,0,0,0,60,220,110,125,95,50,-1,-1,0,0,0,0,0,0,,,,1,,
#,,,,,,,,,,,,,,,,,,,,,,,,,,,,,,,
221001,10231,0,10,45,0,2,22,1,0,0,20,44,2,60,6,6,0,120,0,1,16,10,85,100,,,,,,
221002,10232,0,12,55,0,7,26,1,0,0,37,58,58,60,6,6,0,120,0,1,16,0,85,100,,,,1,,
221003,10232,0,12,110,0,7,26,1,0,0,30,51,51,60,6,6,0,120,0,1,16,0,0,100,,,,,,
221004,10231,0,10,45,0,2,22,1,0,0,20,44,2,120,6,6,0,120,0,1,16,10,85,100,,,,,,
221005,263,1,10,140,0,0,60,85,0,0,16,50,6,46,0,0,-1,-1,0,0,15,0,0,0,,,,1,,
221051,268,0,0,0,0,0,0,0,0,0,60,220,110,125,95,50,-1,-1,0,0,0,0,0,0,,,,1,,
#,,,,,,,,,,,,,,,,,,,,,,,,,,,,,,,
221101,9231,20,30,60,0,18,60,1,0,0,45,75,28,60,31,31,-1,-1,0,6,41,-5,85,90,,,,1,,
221102,9232,0,45,65,0,23,65,1,0,0,60,81,81,60,36,36,-1,-1,0,11,51,0,90,110,,,,1,,
221103,9232,0,45,110,0,23,65,1,0,0,60,81,81,60,36,36,30,120,0,11,51,0,0,100,,,,,,
221104,9231,20,30,60,0,18,60,1,0,0,45,75,28,120,31,31,-1,-1,0,6,41,-5,85,90,,,,,,
221151,268,0,0,0,0,0,0,0,0,0,60,220,110,125,95,50,-1,-1,0,0,0,0,0,0,,,,1,,
#,,,,,,,,,,,,,,,,,,,,,,,,,,,,,,,
221201,10231,0,10,50,0,2,22,1,0,0,48,70,49,60,6,6,-1,-1,0,1,16,0,95,100,,,,,,
221202,10231,0,10,80,0,2,22,1,0,0,26,47,47,60,6,6,-1,-1,0,1,16,0,95,100,,,,,,
221203,10231,0,10,50,0,2,22,1,0,0,48,70,49,120,6,6,-1,-1,0,1,16,0,95,100,,,,,,
221204,263,1,10,140,0,0,60,85,0,0,16,50,6,46,0,0,-1,-1,0,0,15,0,0,0,,,,1,,
221251,268,0,0,0,0,0,0,0,0,0,60,220,110,125,95,50,-1,-1,0,0,0,0,0,0,,,,1,,
#,,,,,,,,,,,,,,,,,,,,,,,,,,,,,,,
221301,13231,21,29,50,0,23,41,1,0,0,58,76,40,60,25,25,-1,-1,0,16,61,10,110,100,,,,1,,
221303,13231,21,29,80,0,23,41,1,0,0,55,76,25,60,31,31,-1,-1,0,16,61,0,0,100,,,,1,,
221304,13231,21,29,50,0,23,41,1,0,0,58,76,40,120,25,25,-1,-1,0,16,61,10,110,100,,,,,,
221351,268,0,0,0,0,0,0,0,0,0,60,220,110,125,95,50,-1,-1,0,0,0,0,0,0,,,,1,,
#,,,,,,,,,,,,,,,,,,,,,,,,,,,,,,,
221401,14231,0,8,60,0,1,30,1,0,0,15,54,3,60,6,6,1,120,0,0,16,0,130,100,,,,1,,
221402,14232,1,8,50,0,0,21,1,0,0,15,38,3,60,6,6,1,120,0,0,16,0,180,100,,,,,,
221403,9231,20,30,100,0,18,60,1,0,0,15,75,3,60,31,31,1,120,0,6,41,0,0,100,,,,,,
221404,14231,0,8,60,0,1,30,1,0,0,15,54,3,120,6,6,1,120,0,0,16,0,130,100,,,,,,
221451,268,0,0,0,0,0,0,0,0,0,60,220,110,125,95,50,-1,-1,0,0,0,0,0,0,,,,1,,
#,,,,,,,,,,,,,,,,,,,,,,,,,,,,,,,
221501,15231,0,0,0,0,0,0,1,0,0,65,86,86,60,46,46,-1,-1,0,0,0,0,500,100,,,,,,
#,,,,,,,,,,,,,,,,,,,,,,,,,,,,,,,
221601,16231,0,0,0,0,0,0,1,0,0,0,0,0,60,0,0,-1,-1,0,0,0,0,15,75,,,,,,
#,,,,,,,,,,,,,,,,,,,,,,,,,,,,,,,
221701,17231,0,0,0,0,0,0,1,0,0,0,0,0,60,0,0,-1,-1,0,0,0,0,15,75,,,,,,
#,,,,,,,,,,,,,,,,,,,,,,,,,,,,,,,
221901,19231,0,8,20,0,5,25,0,1,0,12,45,0,60,8,8,-1,-1,0,0,21,0,75,100,,1,,,,
221902,19232,0,8,20,0,3,12,0,1,0,12,44,0,60,8,8,-1,-1,0,0,21,0,50,100,,1,,1,,
221903,19233,0,8,25,0,4,30,1,0,0,16,50,0,60,11,11,-1,-1,0,1,21,-20,70,100,2,,,,,
221904,19234,0,10,60,0,6,35,0,3,0,23,55,0,60,17,17,-1,-1,0,11,27,-10,60,100,,,,,,
221905,19235,0,11,35,0,0,30,2,0,0,18,50,0,60,11,11,-1,-1,0,11,21,10,85,100,,,,,,
221906,19236,0,11,70,0,18,55,2,0,0,51,72,72,60,15,15,-1,-1,0,5,25,0,65,130,,,,,,
221907,19235,0,11,60,0,0,30,1,0,0,18,50,0,60,11,11,-1,-1,0,11,21,0,0,100,,,,,,
221908,19231,0,8,20,0,5,25,1,0,0,12,45,0,120,8,8,-1,-1,0,0,21,0,75,100,,,,,,
221951,268,0,0,0,0,0,0,0,0,0,60,220,110,125,95,50,-1,-1,0,0,0,0,0,0,,,,1,,
#,,,,,,,,,,,,,,,,,,,,,,,,,,,,,,,
#,,,,,,,,,,,,,,,,,,,,,,,,,,,,,,,
#,,,,,,,,,,,,,,,,,,,,,,,,,,,,,,,
#,,,,,,,,,,,,,,,,,,,,,,,,,,,,,,,
310001,1231,0,9,20,0,0,15,1,0,0,12,39,0,60,2,2,-1,-1,0,0,9,0,64,75,,,,1,,
310002,1232,0,9,20,0,0,15,1,0,0,12,42,42,60,3,3,-1,-1,0,0,13,0,64,75,,,,,,
310003,1231,0,9,20,0,0,15,1,0,0,12,39,0,120,2,2,-1,-1,0,0,9,0,64,75,,,,,,
310004,263,1,14,120,0,0,60,85,0,0,16,50,6,52,0,0,-1,-1,0,0,19,0,0,0,,,,1,,
310051,268,0,0,0,0,0,0,0,0,0,60,220,110,125,95,50,-1,-1,0,0,0,0,0,0,,,,1,,
#,,,,,,,,,,,,,,,,,,,,,,,,,,,,,,,
310101,1231,0,9,20,0,0,15,1,0,0,12,39,0,60,2,2,-1,-1,0,0,9,0,64,75,,,,,,
310102,1232,0,9,20,0,0,15,1,0,0,12,42,0,60,3,3,-1,-1,0,0,13,0,64,75,,,,1,,
310103,1233,0,9,30,0,0,20,1,0,0,12,43,0,60,1,1,-1,-1,0,1,10,0,64,75,,,,,,
310104,1235,0,10,85,0,0,24,1,0,0,21,58,3,60,8,8,-1,-1,0,0,19,0,56,85,,,,,,
310105,1236,0,13,85,0,5,30,1,0,0,55,76,76,60,16,16,-1,-1,0,6,26,0,56,120,,,,,,
310107,1235,0,13,150,0,5,30,1,0,0,55,76,76,60,16,16,-1,-1,0,6,26,0,0,75,,,,,,
310108,1231,0,9,20,0,0,15,1,0,0,12,39,0,120,2,2,-1,-1,0,0,9,0,64,75,,,,,,
310109.133333333,263,1,14,120,0,0,60,85,0,0,16,50,6,52,0,0,-1,-1,0,0,19,0,0,0,,,,1,,
310151,268,0,0,0,0,0,0,0,0,0,60,220,110,125,95,50,-1,-1,0,0,0,0,0,0,,,,1,,
#,,,,,,,,,,,,,,,,,,,,,,,,,,,,,,,
310201,2231,0,12,30,0,0,15,1,0,0,7,39,0,60,3,3,-1,-1,0,0,9,15,90,75,,,,,,
310202,2232,0,12,25,0,2,25,1,0,0,12,48,0,60,5,5,-1,-1,0,0,15,15,80,75,,,,1,,
310203,2233,0,9,40,0,2,29,1,0,0,30,51,51,60,8,8,-1,-1,0,0,19,15,95,75,,,,,,
310204,2231,0,12,50,0,0,15,1,0,0,7,39,0,60,3,3,-1,-1,0,0,9,0,0,75,,,,,,
310205,2231,0,12,30,0,0,15,1,0,0,7,39,0,120,3,3,-1,-1,0,0,9,15,90,75,,,,,,
310206,263,1,14,120,0,0,60,85,0,0,16,50,6,52,0,0,-1,-1,0,0,19,0,0,0,,,,1,,
310251,268,0,0,0,0,0,0,0,0,0,60,220,110,125,95,50,-1,-1,0,0,0,0,0,0,,,,1,,
#,,,,,,,,,,,,,,,,,,,,,,,,,,,,,,,
310301,3231,0,12,70,0,12,27,1,0,0,23,51,3,60,11,11,-1,-1,0,1,21,0,83,93,,,,,,
310302,3232,0,7,60,0,5,20,1,0,0,18,50,0,60,6,6,1,120,0,0,16,5,83,75,,,,1,,
310303,3233,0,13,60,0,5,29,1,0,0,39,60,60,60,11,11,8,120,0,1,21,-10,83,75,,,,,,
310304,3233,0,13,90,0,5,29,1,0,0,39,60,60,60,11,11,8,120,0,1,21,0,0,75,,,,,,
310305,3231,0,12,70,0,12,27,1,0,0,23,51,3,120,11,11,-1,-1,0,1,21,0,83,93,,,,,,
310306,263,1,14,120,0,0,60,85,0,0,16,50,6,52,0,0,-1,-1,0,0,19,0,0,0,,,,,,
310351,268,0,0,0,0,0,0,0,0,0,60,220,110,125,95,50,-1,-1,0,0,0,0,0,0,,,,1,,
#,,,,,,,,,,,,,,,,,,,,,,,,,,,,,,,
310401,4231,10,17,50,0,0,18,1,0,0,18,28,0,60,3,3,-1,-1,0,0,9,0,95,75,,,,,,
310402,4232,14,17,50,0,0,22,1,0,0,21,30,0,60,3,3,-1,-1,0,0,15,0,95,75,,,,,,
310403,4233,16,22,50,0,1,57,1,0,0,57,70,70,60,6,6,-1,-1,0,0,19,0,140,75,,,,,,
310404,2233,0,9,60,0,5,29,1,0,0,30,51,51,60,9,9,-1,-1,0,0,19,0,0,75,,,,,,
310405,2231,0,12,30,0,12,27,1,0,0,7,39,0,120,3,3,-1,-1,0,0,9,0,95,75,,,,,,
310406,263,1,14,120,0,0,60,85,0,0,16,50,6,52,0,0,-1,-1,0,0,19,0,0,0,,,,1,,
310451,268,0,0,0,0,0,0,0,0,0,60,220,110,125,95,50,-1,-1,0,0,0,0,0,0,,,,1,,
#,,,,,,,,,,,,,,,,,,,,,,,,,,,,,,,
310501,5231,0,23,70,0,24,44,1,0,0,46,71,20,60,28,28,30,120,0,11,41,0,110,128,,,,1,,
310502,5232,0,12,70,0,4,36,1,0,0,42,63,63,60,9,9,20,120,0,1,31,0,90,75,,,,1,,
310503,5232,0,12,120,0,4,36,1,0,0,42,63,63,60,21,21,20,120,0,1,31,0,0,90,,,,,,
310504,5231,0,23,70,0,24,44,1,0,0,46,71,20,120,28,28,30,120,0,11,41,0,110,128,,,,,,
310551,268,0,0,0,0,0,0,0,0,0,60,220,110,125,95,50,-1,-1,0,0,0,0,0,0,,,,1,,
#,,,,,,,,,,,,,,,,,,,,,,,,,,,,,,,
310601,6231,1,11,40,0,24,44,1,0,0,39,58,3,60,12,12,-1,-1,0,0,15,-15,95,110,,,,,,
310602,6232,4,16,0,0,4,36,1,0,0,40,56,0,60,6,6,-1,-1,0,0,12,0,45,90,,,,1,,
310603,6235,3,13,40,0,10,40,1,0,0,55,55,15,60,7,7,-1,-1,0,0,30,5,95,110,,,,,,
310604,6233,0,0,0,0,0,0,1,0,0,0,0,0,60,0,0,-1,-1,0,0,0,0,0,90,,,,,,
310605,6234,7,15,20,0,0,60,1,0,0,39,52,52,52,14,0,-1,-1,0,14,30,0,120,100,,,,,,
310606,6232,4,16,0,0,0,60,60,0,0,40,56,0,60,6,0,-1,-1,0,0,12,-5,90,100,,,,,,
310607,6232,4,16,0,0,0,60,61,0,0,40,56,0,60,6,0,-1,-1,0,0,12,-5,90,100,,,,,,
310608,6232,4,16,0,0,0,60,62,0,0,40,56,0,60,6,0,-1,-1,0,0,12,-5,90,100,,,,,,
310609,6232,4,16,0,0,0,60,63,0,0,40,56,0,60,6,0,-1,-1,0,0,12,-5,90,100,,,,,,
310610,6091,0,30,450,0,0,0,1,0,0,0,0,5,10,0,0,-1,-1,0,0,0,0,0,0,,,1,,1,
310611,6235,6,18,40,0,0,60,64,0,0,38,55,15,54,9,0,-1,-1,0,0,30,-5,110,110,,,,,,
310612,265,91,101,40,0,114,160,86,0,0,129,148,20,160,1,1,-1,-1,90,70,105,-15,95,110,,,,1,,
310651,268,0,0,0,0,0,0,0,0,0,60,220,110,125,95,50,-1,-1,0,0,0,0,0,0,,,,1,,
#,,,,,,,,,,,,,,,,,,,,,,,,,,,,,,,
310701,7231,0,0,0,0,0,0,1,0,0,0,0,0,60,0,0,-1,-1,0,0,0,0,45,90,,,,,,
310702,7231,0,0,0,0,0,0,1,0,0,0,0,0,60,0,0,-1,-1,0,0,0,0,0,90,,,,,,
310703,7231,0,0,0,0,0,0,1,0,0,0,0,0,120,0,0,-1,-1,0,0,0,0,45,90,,,,,,
310751,268,0,0,0,0,0,0,0,0,0,60,220,110,125,95,50,-1,-1,0,0,0,0,0,0,,,,1,,
#,,,,,,,,,,,,,,,,,,,,,,,,,,,,,,,
310801,3231,0,12,70,0,12,27,1,0,0,23,51,3,60,11,11,-1,-1,0,1,21,0,83,93,,,,,,
310802,3232,0,7,60,0,5,20,1,0,0,18,50,0,60,6,6,-1,-1,0,0,16,5,83,75,,,,1,,
310803,3233,0,13,60,0,5,29,1,0,0,39,60,60,60,11,11,-1,-1,0,1,21,-10,83,75,,,,,,
310804,3233,0,13,90,0,5,29,1,0,0,39,60,60,60,11,11,-1,-1,0,1,21,0,0,75,,,,,,
310805,3231,0,12,70,0,12,27,1,0,0,23,51,3,120,11,11,-1,-1,0,1,21,0,83,93,,,,,,
310806,263,1,14,120,0,0,60,85,0,0,16,50,6,52,0,0,-1,-1,0,0,19,0,0,0,,,,1,,
310851,268,0,0,0,0,0,0,0,0,0,60,220,110,125,95,50,-1,-1,0,0,0,0,0,0,,,,1,,
#,,,,,,,,,,,,,,,,,,,,,,,,,,,,,,,
310901,9231,0,30,75,0,31,54,1,0,0,56,80,20,60,36,36,36,120,0,0,56,0,100,120,,,,1,,
310902,9232,0,25,65,0,10,51,1,0,0,53,74,74,60,23,23,23,120,0,0,41,0,100,110,,,,1,,
310903,9232,0,25,100,0,10,51,1,0,0,53,74,74,60,23,23,23,120,0,0,41,0,0,90,,,,,,
310904,9231,0,30,75,0,31,54,1,0,0,56,80,20,120,36,36,36,120,0,0,56,0,100,120,,,,,,
310910,6091,0,30,450,0,0,0,1,0,0,0,0,5,10,0,0,-1,-1,0,0,0,0,0,0,,,1,,1,
310951,268,0,0,0,0,0,0,0,0,0,60,220,110,125,95,50,-1,-1,0,0,0,0,0,0,,,,1,,
#,,,,,,,,,,,,,,,,,,,,,,,,,,,,,,,
311001,10231,0,9,60,0,8,30,1,0,0,27,56,5,60,13,13,0,120,0,3,23,10,80,75,,,,,,
311002,10232,0,9,65,0,4,30,1,0,0,30,51,51,60,9,9,0,120,0,0,19,0,69,75,,,,1,,
311003,10231,0,9,90,0,8,30,1,0,0,27,56,5,60,13,13,0,120,0,3,23,0,0,75,,,,,,
311004,10231,0,9,60,0,8,30,1,0,0,27,56,5,120,13,13,0,120,0,3,23,10,80,75,,,,,,
311005,263,1,14,120,0,0,60,85,0,0,16,50,6,52,0,0,-1,-1,0,0,19,0,0,0,,,,1,,
311051,268,0,0,0,0,0,0,0,0,0,60,220,110,125,95,50,-1,-1,0,0,0,0,0,0,,,,1,,
#,,,,,,,,,,,,,,,,,,,,,,,,,,,,,,,
311101,9231,0,30,75,0,31,54,1,0,0,56,80,20,60,36,36,-1,-1,0,0,56,0,100,120,,,,1,,
311102,9232,0,25,65,0,10,51,1,0,0,53,74,74,60,23,23,-1,-1,0,0,41,0,100,110,,,,1,,
311103,9232,0,25,100,0,10,51,1,0,0,53,74,74,60,23,23,23,120,0,0,41,0,0,90,,,,,,
311104,9231,0,30,75,0,31,54,1,0,0,56,80,20,120,36,36,-1,-1,0,0,56,0,100,120,,,,,,
311151,268,0,0,0,0,0,0,0,0,0,60,220,110,125,95,50,-1,-1,0,0,0,0,0,0,,,,1,,
#,,,,,,,,,,,,,,,,,,,,,,,,,,,,,,,
311201,10231,0,9,60,0,8,30,1,0,0,48,70,49,60,13,13,-1,-1,0,3,23,0,120,75,,,,,,
311202,10231,0,9,90,0,8,30,1,0,0,31,52,52,60,13,13,-1,-1,0,3,23,0,0,75,,,,,,
311203,10231,0,9,60,0,8,30,1,0,0,48,70,49,120,13,13,-1,-1,0,3,23,0,120,75,,,,,,
311204,263,1,14,120,0,0,60,85,0,0,16,50,6,52,0,0,-1,-1,0,0,19,0,0,0,,,,1,,
311251,268,0,0,0,0,0,0,0,0,0,60,220,110,125,95,50,-1,-1,0,0,0,0,0,0,,,,1,,
#,,,,,,,,,,,,,,,,,,,,,,,,,,,,,,,
311301,13231,15,30,55,0,20,48,1,0,0,70,71,36,60,30,30,-1,-1,0,20,60,40,80,75,,,,1,,
311303,13231,15,30,80,0,20,48,1,0,0,50,71,20,60,30,30,-1,-1,0,20,60,0,0,75,,,,1,,
311304,13231,15,30,55,0,20,48,1,0,0,70,71,36,120,30,30,-1,-1,0,20,60,40,80,75,,,,,,
311351,268,0,0,0,0,0,0,0,0,0,60,220,110,125,95,50,-1,-1,0,0,0,0,0,0,,,,1,,
#,,,,,,,,,,,,,,,,,,,,,,,,,,,,,,,
311401,14231,0,10,60,0,6,40,1,0,0,15,55,6,60,11,11,2,120,0,1,31,5,140,75,,,,1,,
311402,14232,7,13,50,0,1,35,1,0,0,15,38,6,60,11,11,2,120,0,1,31,0,175,75,,,,,,
311403,3232,0,7,90,0,5,20,1,0,0,15,50,6,60,6,6,2,120,0,0,16,0,0,75,,,,,,
311404,14231,0,10,60,0,6,40,1,0,0,15,55,6,120,11,11,2,120,0,1,31,5,140,75,,,,,,
311451,268,0,0,0,0,0,0,0,0,0,60,220,110,125,95,50,-1,-1,0,0,0,0,0,0,,,,1,,
#,,,,,,,,,,,,,,,,,,,,,,,,,,,,,,,
311501,15231,0,0,0,0,0,0,1,0,0,70,91,91,60,53,53,-1,-1,0,0,0,0,500,75,,,,,,
#,,,,,,,,,,,,,,,,,,,,,,,,,,,,,,,
311601,16231,0,0,0,0,0,0,1,0,0,0,0,0,60,0,0,-1,-1,0,0,0,0,15,75,,,,,,
#,,,,,,,,,,,,,,,,,,,,,,,,,,,,,,,
311701,17231,0,0,0,0,0,0,1,0,0,0,0,0,60,0,0,-1,-1,0,0,0,0,15,75,,,,,,
#,,,,,,,,,,,,,,,,,,,,,,,,,,,,,,,
311901,19231,0,9,20,0,0,15,0,1,0,12,39,0,60,2,2,-1,-1,0,0,9,0,64,75,,1,,,,
311902,19232,0,9,20,0,0,15,1,0,0,12,42,0,60,3,3,-1,-1,0,0,13,0,64,75,2,,,1,,
311903,19233,0,9,30,0,0,20,0,1,0,12,43,0,60,1,1,-1,-1,0,1,10,0,64,75,,1,,,,
311904,19234,0,10,85,0,0,24,1,0,0,21,58,3,60,1,8,-1,-1,0,0,19,0,56,85,2,,,,,
311905,19235,0,13,85,0,5,30,2,0,0,55,76,76,60,16,16,-1,-1,0,6,26,0,56,120,,,,,,
311907,19235,0,13,150,0,5,30,1,0,0,55,76,76,60,16,16,-1,-1,0,6,26,0,0,75,,,,,,
311908,19231,0,9,20,0,0,15,1,0,0,12,39,0,120,2,2,-1,-1,0,0,9,0,64,75,,,,,,
311951,268,0,0,0,0,0,0,0,0,0,60,220,110,125,95,50,-1,-1,0,0,0,0,0,0,,,,1,,
#,,,,,,,,,,,,,,,,,,,,,,,,,,,,,,,
#,,,,,,,,,,,,,,,,,,,,,,,,,,,,,,,
#,,,,,,,,,,,,,,,,,,,,,,,,,,,,,,,
#,,,,,,,,,,,,,,,,,,,,,,,,,,,,,,,
410001,1231,0,9,20,0,0,15,1,0,0,14,41,0,60,4,4,-1,-1,0,0,14,0,40,50,,,,1,,
410002,1232,0,9,20,0,0,15,1,0,0,14,43,43,60,2,2,-1,-1,0,0,12,0,40,50,,,,,,
410003,1231,0,9,20,0,0,15,1,0,0,14,41,0,120,4,4,-1,-1,0,0,14,0,40,50,,,,,,
410004,263,3,26,109,0,0,60,85,0,0,16,50,6,48,0,0,-1,-1,0,0,19,0,0,0,,,,1,,
410051,268,0,0,0,0,0,0,0,0,0,60,220,110,125,95,50,-1,-1,0,0,0,0,0,0,,,,1,,
#,,,,,,,,,,,,,,,,,,,,,,,,,,,,,,,
410101,1231,0,9,20,0,0,15,1,0,0,14,41,0,60,4,4,-1,-1,0,0,14,0,40,50,,,,,,
410102,1232,0,9,20,0,0,15,1,0,0,14,43,0,60,2,2,-1,-1,0,0,12,0,40,50,,,,1,,
410103,1233,0,9,25,0,0,20,1,0,0,18,48,2,60,0,0,-1,-1,0,0,10,0,40,50,,,,,,
410104,1234,0,7,40,0,0,25,1,0,0,20,53,3,60,6,6,-1,-1,0,0,16,0,40,50,,,,,,
410105,1235,0,7,40,0,0,20,1,0,0,18,50,3,60,6,6,-1,-1,0,0,16,0,40,50,,,,,,
410106,1236,0,7,60,0,5,25,1,0,0,35,56,56,60,6,6,-1,-1,0,0,16,0,40,55,,,,,,
410107,1235,0,7,60,0,0,20,1,0,0,18,50,3,60,6,6,-1,-1,0,0,16,0,0,50,,,,,,
410108,1231,0,9,20,0,0,15,1,0,0,14,41,0,120,4,4,-1,-1,0,0,14,0,40,50,,,,,,
410109,263,3,26,109,0,0,60,85,0,0,16,50,6,48,0,0,-1,-1,0,0,19,0,0,0,,,,1,,
410151,268,0,0,0,0,0,0,0,0,0,60,220,110,125,95,50,-1,-1,0,0,0,0,0,0,,,,1,,
#,,,,,,,,,,,,,,,,,,,,,,,,,,,,,,,
410201,2231,0,7,30,0,1,15,1,0,0,11,43,3,60,5,5,-1,-1,0,0,9,10,45,50,,,,,,
410202,2232,0,7,25,0,3,20,1,0,0,14,46,6,60,4,4,-1,-1,0,0,13,10,45,50,,,,1,,
410203,2233,0,11,40,0,2,26,1,0,0,35,56,56,60,6,6,-1,-1,0,0,16,0,55,50,,,,,,
410204,2231,0,7,55,0,1,15,1,0,0,11,43,3,60,5,5,-1,-1,0,0,9,0,0,50,,,,,,
410205,2231,0,7,30,0,1,15,1,0,0,11,43,3,120,5,5,-1,-1,0,0,9,10,45,50,,,,,,
410206,263,3,26,109,0,0,60,85,0,0,16,50,6,48,0,0,-1,-1,0,0,19,0,0,0,,,,1,,
410251,268,0,0,0,0,0,0,0,0,0,60,220,110,125,95,50,-1,-1,0,0,0,0,0,0,,,,1,,
#,,,,,,,,,,,,,,,,,,,,,,,,,,,,,,,
410301,3231,0,14,55,0,14,25,1,0,0,18,45,3,60,12,12,-1,-1,0,4,24,0,50,65,,,,,,
410302,3232,0,16,35,0,0,30,1,0,0,25,47,5,60,12,12,6,120,0,2,22,0,45,60,,,,1,,
410303,3233,0,8,55,0,0,30,1,0,0,30,51,51,60,5,5,7,120,0,1,15,0,50,68,,,,,,
410304,3233,0,8,80,0,0,30,1,0,0,30,51,51,60,5,5,7,120,0,1,15,0,0,50,,,,,,
410305,3231,0,14,55,0,14,25,1,0,0,18,45,3,120,12,12,-1,-1,0,4,24,0,50,65,,,,,,
410306,263,3,26,109,0,0,60,85,0,0,16,50,6,48,0,0,-1,-1,0,0,19,0,0,0,,,,1,,
410351,268,0,0,0,0,0,0,0,0,0,60,220,110,125,95,50,-1,-1,0,0,0,0,0,0,,,,1,,
#,,,,,,,,,,,,,,,,,,,,,,,,,,,,,,,
410401,4231,10,17,50,0,0,18,1,0,0,18,28,0,60,3,3,-1,-1,0,0,9,0,75,50,,,,,,
410402,4232,14,17,50,0,0,22,1,0,0,21,30,0,60,3,3,-1,-1,0,0,13,0,75,50,,,,,,
410403,4233,16,22,50,0,1,57,1,0,0,57,70,70,60,6,6,-1,-1,0,0,16,0,75,50,,,,,,
410404,2233,0,11,65,0,0,30,1,0,0,35,56,56,60,6,6,-1,-1,0,0,16,0,0,50,,,,,,
410405,2231,0,7,30,0,14,25,1,0,0,11,43,3,120,5,5,-1,-1,0,0,9,0,75,50,,,,,,
410406,263,3,26,109,0,0,60,85,0,0,16,50,6,48,0,0,-1,-1,0,0,19,0,0,0,,,,1,,
410451,268,0,0,0,0,0,0,0,0,0,60,220,110,125,95,50,-1,-1,0,0,0,0,0,0,,,,1,,
#,,,,,,,,,,,,,,,,,,,,,,,,,,,,,,,
410501,5231,9,22,70,0,15,50,1,0,0,38,68,20,60,21,21,17,120,0,19,39,0,58,55,,,,1,,
410502,5232,0,15,60,0,0,38,1,0,0,39,60,60,60,8,8,16,120,0,0,23,0,58,55,,,,1,,
410503,5232,0,15,100,0,0,38,1,0,0,39,60,60,60,13,13,16,120,0,0,23,0,0,50,,,,,,
410504,5231,9,22,70,0,15,50,1,0,0,38,68,20,120,21,21,17,120,0,19,39,0,58,55,,,,,,
410551,268,0,0,0,0,0,0,0,0,0,60,220,110,125,95,50,-1,-1,0,0,0,0,0,0,,,,1,,
#,,,,,,,,,,,,,,,,,,,,,,,,,,,,,,,
410601,6231,15,23,20,0,0,26,1,0,0,22,53,3,60,14,14,-1,-1,0,0,15,0,65,70,,,,,,
410602,6232,3,12,20,0,3,20,1,0,0,25,47,6,60,12,12,-1,-1,0,0,12,-5,65,75,,,,1,,
410603,6235,5,18,50,0,2,26,1,0,0,78,60,56,60,22,22,-1,-1,0,22,34,0,65,80,,,,,,
410604,6233,0,0,0,0,0,0,1,0,0,0,0,0,60,0,0,-1,-1,0,0,0,0,0,90,,,,,,
410605,6234,5,10,60,0,0,60,1,0,0,22,30,45,45,8,0,-1,-1,0,8,18,0,65,90,,,,,,
410606,6232,3,12,20,0,0,60,70,0,0,25,47,6,60,12,0,-1,-1,0,0,12,0,90,110,,,,,,
410607,6232,3,12,20,0,0,60,71,0,0,25,47,6,60,12,0,-1,-1,0,0,12,0,90,110,,,,,,
410608,6232,3,12,20,0,0,60,72,0,0,25,47,6,60,12,0,-1,-1,0,0,12,0,90,110,,,,,,
410609,6232,3,12,20,0,0,60,73,0,0,25,47,6,60,12,0,-1,-1,0,0,12,0,90,110,,,,,,
410610,6091,3,20,450,0,0,0,1,0,0,0,0,5,10,0,0,-1,-1,0,0,0,0,0,0,,,1,,1,
410611,6235,5,18,50,0,0,60,74,0,0,39,60,56,52,22,0,-1,-1,0,22,34,-5,110,80,,,,,,
410612,265,105,113,20,0,0,146,86,0,0,102,143,20,160,1,1,-1,-1,90,70,105,0,65,70,,,,1,,
410651,268,0,0,0,0,0,0,0,0,0,60,220,110,125,95,50,-1,-1,0,0,0,0,0,0,,,,1,,
,,,,,,,,,,,,,,,,,,,,,,,,,,,,,,
410701,7231,0,0,0,0,0,0,1,0,0,0,0,0,60,0,0,-1,-1,0,0,0,0,45,90,,,,,,
410702,7231,0,0,0,0,0,0,1,0,0,0,0,0,60,0,0,-1,-1,0,0,0,0,0,90,,,,,,
410703,7231,0,0,0,0,0,0,1,0,0,0,0,0,120,0,0,-1,-1,0,0,0,0,45,90,,,,,,
410751,268,0,0,0,0,0,0,0,0,0,60,220,110,125,95,50,-1,-1,0,0,0,0,0,0,,,,1,,
,,,,,,,,,,,,,,,,,,,,,,,,,,,,,,
410801,3231,0,14,55,0,14,25,1,0,0,18,45,3,60,14,14,-1,-1,0,4,24,0,50,65,,,,,,
410802,3232,0,16,35,0,0,30,1,0,0,25,47,5,60,12,12,-1,-1,0,2,22,0,45,60,,,,1,,
410803,3233,0,8,55,0,0,30,1,0,0,30,51,51,60,5,5,-1,-1,0,1,15,0,50,68,,,,,,
410804,3233,0,8,80,0,0,30,1,0,0,30,51,51,60,5,5,-1,-1,0,1,15,0,0,50,,,,,,
410805,3231,0,14,55,0,14,25,1,0,0,18,45,3,120,14,14,-1,-1,0,4,24,0,50,65,,,,,,
410806,263,3,26,109,0,0,60,85,0,0,16,50,6,48,0,0,-1,-1,0,0,19,0,0,0,,,,1,,
410851,268,0,0,0,0,0,0,0,0,0,60,220,110,125,95,50,-1,-1,0,0,0,0,0,0,,,,1,,
,,,,,,,,,,,,,,,,,,,,,,,,,,,,,,
410901,9231,9,19,60,0,15,36,1,0,0,45,71,25,60,22,22,20,120,0,0,51,0,45,50,,,,1,,
410902,9232,3,17,70,0,3,28,1,0,0,45,66,66,60,12,12,10,120,0,0,51,0,65,70,,,,1,,
410903,9232,3,17,110,0,3,28,1,0,0,45,66,66,60,18,18,10,120,0,0,51,0,0,50,,,,,,
410904,9231,9,19,60,0,15,36,1,0,0,45,71,25,120,22,22,20,120,0,0,51,0,45,50,,,,,,
410910,6091,3,20,450,0,0,0,1,0,0,0,0,5,10,0,0,-1,-1,0,0,0,0,0,0,,,1,,1,
410951,268,0,0,0,0,0,0,0,0,0,60,220,110,125,95,50,-1,-1,0,0,0,0,0,0,,,,1,,
,,,,,,,,,,,,,,,,,,,,,,,,,,,,,,
411001,10231,0,8,45,0,5,30,1,0,0,24,50,10,60,9,9,0,120,0,0,19,0,50,50,,,,,,
411002,10232,0,8,50,0,0,27,1,0,0,34,55,55,60,11,11,0,120,0,1,21,0,50,50,,,,1,,
411003,10231,0,8,70,0,5,30,1,0,0,24,50,10,60,9,9,0,120,0,0,19,0,0,50,,,,,,
411004,10231,0,8,45,0,5,30,1,0,0,24,50,10,120,9,9,0,120,0,0,19,0,50,50,,,,,,
411005,263,3,26,109,0,0,60,85,0,0,16,50,6,48,0,0,-1,-1,0,0,19,0,0,0,,,,1,,
411051,268,0,0,0,0,0,0,0,0,0,60,220,110,125,95,50,-1,-1,0,0,0,0,0,0,,,,1,,
,,,,,,,,,,,,,,,,,,,,,,,,,,,,,,
411101,9231,9,19,60,0,15,36,1,0,0,45,71,25,60,26,26,-1,-1,0,0,51,0,45,50,,,,1,,
411102,9232,3,17,70,0,3,28,1,0,0,45,66,66,60,18,18,-1,-1,0,0,51,0,65,70,,,,1,,
411103,9232,3,17,110,0,3,28,1,0,0,45,66,66,60,18,18,10,120,0,0,51,0,0,50,,,,,,
411104,9231,9,19,60,0,15,36,1,0,0,45,71,25,120,26,26,-1,-1,0,0,51,0,45,50,,,,,,
411151,268,0,0,0,0,0,0,0,0,0,60,220,110,125,95,50,-1,-1,0,0,0,0,0,0,,,,1,,
,,,,,,,,,,,,,,,,,,,,,,,,,,,,,,
411201,10231,0,8,45,0,5,30,1,0,0,48,70,49,60,9,9,-1,-1,0,0,19,0,75,50,,,,,,
411202,10231,0,8,70,0,5,30,1,0,0,29,50,50,60,9,9,-1,-1,0,0,19,0,0,50,,,,,,
411203,10231,0,8,45,0,5,30,1,0,0,48,70,49,120,9,9,-1,-1,0,0,19,0,75,50,,,,,,
411204,263,3,26,109,0,0,60,85,0,0,16,50,6,48,0,0,-1,-1,0,0,19,0,0,0,,,,1,,
411251,268,0,0,0,0,0,0,0,0,0,60,220,110,125,95,50,-1,-1,0,0,0,0,0,0,,,,1,,
,,,,,,,,,,,,,,,,,,,,,,,,,,,,,,
411301,13231,13,25,60,0,20,36,1,0,0,64,75,30,60,26,26,-1,-1,0,16,36,0,50,50,,,,1,,
411303,13231,13,25,80,0,20,36,1,0,0,54,75,75,60,26,26,-1,-1,0,16,36,0,0,50,,,,1,,
411304,13231,13,25,60,0,20,36,1,0,0,64,75,30,120,26,26,-1,-1,0,16,36,0,50,50,,,,,,
411351,268,0,0,0,0,0,0,0,0,0,60,220,110,125,95,50,-1,-1,0,0,0,0,0,0,,,,1,,
,,,,,,,,,,,,,,,,,,,,,,,,,,,,,,
411401,14231,0,12,60,0,0,30,1,0,0,15,60,6,60,16,16,1,120,0,6,31,0,95,50,,,,1,,
411402,14232,11,17,30,0,1,21,1,0,0,15,38,6,60,16,16,1,120,0,6,31,0,130,50,,,,,,
411403,9231,9,19,90,0,15,36,1,0,0,15,71,6,60,26,26,1,120,0,0,51,0,0,50,,,,,,
411404,14231,0,12,60,0,0,30,1,0,0,15,60,6,120,16,16,1,120,0,6,31,0,95,50,,,,,,
411451,268,0,0,0,0,0,0,0,0,0,60,220,110,125,95,50,-1,-1,0,0,0,0,0,0,,,,1,,
,,,,,,,,,,,,,,,,,,,,,,,,,,,,,,
411501,15231,0,0,0,0,0,0,1,0,0,66,85,85,60,51,51,-1,-1,0,0,0,0,500,50,,,,,,
,,,,,,,,,,,,,,,,,,,,,,,,,,,,,,
411601,16231,0,0,0,0,0,0,1,0,0,0,0,0,60,0,0,-1,-1,0,0,0,0,15,75,,,,,,
,,,,,,,,,,,,,,,,,,,,,,,,,,,,,,
411701,17231,0,0,0,0,0,0,1,0,0,0,0,0,60,0,0,-1,-1,0,0,0,0,15,75,,,,,,
,,,,,,,,,,,,,,,,,,,,,,,,,,,,,,
411901,19231,0,9,20,0,0,15,0,1,0,14,41,0,60,4,4,-1,-1,0,0,14,0,40,50,,1,,,,
411902,19232,0,9,20,0,0,15,1,0,0,14,43,0,60,2,2,-1,-1,0,0,12,0,40,50,2,,,1,,
411903,19233,0,9,25,0,0,20,0,1,0,18,48,2,60,0,0,-1,-1,0,0,10,0,40,50,,1,,,,
411904,19234,0,7,40,0,0,25,2,0,0,20,53,3,60,6,6,-1,-1,0,0,16,0,40,50,,,,,,
411905,19235,0,7,40,0,0,20,1,3,0,18,50,3,60,6,6,-1,-1,0,0,16,0,40,50,,,,,,
411906,19236,0,7,60,0,5,25,2,0,0,35,56,56,60,6,6,-1,-1,0,0,16,0,40,55,,,,,,
411907,19235,0,7,60,0,0,20,1,0,0,18,50,3,60,6,6,-1,-1,0,0,16,0,0,50,,,,,,
411908,19231,0,9,20,0,0,15,1,0,0,14,41,0,120,4,4,-1,-1,0,0,14,0,40,50,,,,,,
411951,268,0,0,0,0,0,0,0,0,0,60,220,110,125,95,50,-1,-1,0,0,0,0,0,0,,,,1,,
,,,,,,,,,,,,,,,,,,,,,,,,,,,,,,
,,,,,,,,,,,,,,,,,,,,,,,,,,,,,,
,,,,,,,,,,,,,,,,,,,,,,,,,,,,,,
,,,,,,,,,,,,,,,,,,,,,,,,,,,,,,
420001,1231,0,9,20,0,0,15,1,0,0,14,41,0,60,4,4,-1,-1,0,0,14,0,40,50,,,,1,,
420002,1232,0,9,20,0,0,15,1,0,0,14,43,43,60,2,2,-1,-1,0,0,12,0,40,50,,,,,,
420003,1231,0,9,20,0,0,15,1,0,0,14,41,0,120,4,4,-1,-1,0,0,14,0,40,50,,,,,,
420004,263,3,26,109,0,0,60,85,0,0,16,50,6,48,0,0,-1,-1,0,0,19,0,0,0,,,,1,,
420051,268,0,0,0,0,0,0,0,0,0,60,220,110,125,95,50,-1,-1,0,0,0,0,0,0,,,,1,,
,,,,,,,,,,,,,,,,,,,,,,,,,,,,,,
420101,1231,0,9,20,0,0,15,1,0,0,14,41,0,60,4,4,-1,-1,0,0,14,0,40,50,,,,,,
420102,1232,0,9,20,0,0,15,1,0,0,14,43,0,60,2,2,-1,-1,0,0,12,0,40,50,,,,1,,
420103,1233,0,9,25,0,0,20,1,0,0,18,48,2,60,0,0,-1,-1,0,0,10,0,40,50,,,,,,
420104,1234,0,7,40,0,0,25,1,0,0,20,53,3,60,6,6,-1,-1,0,0,16,0,30,50,,,,,,
420105,1235,0,7,40,0,0,20,1,0,0,18,50,3,60,6,6,-1,-1,0,0,16,0,30,50,,,,,,
420106,1236,0,7,60,0,5,25,1,0,0,35,56,56,60,6,6,-1,-1,0,0,16,0,40,55,,,,,,
420107,1235,0,7,60,0,0,20,1,0,0,18,50,3,60,6,6,-1,-1,0,0,16,0,0,50,,,,,,
420108,1231,0,9,20,0,0,15,1,0,0,14,41,0,120,4,4,-1,-1,0,0,14,0,40,50,,,,,,
420109,263,3,26,109,0,0,60,85,0,0,16,50,6,48,0,0,-1,-1,0,0,19,0,0,0,,,,1,,
420151,268,0,0,0,0,0,0,0,0,0,60,220,110,125,95,50,-1,-1,0,0,0,0,0,0,,,,1,,
,,,,,,,,,,,,,,,,,,,,,,,,,,,,,,
420201,2231,0,7,30,0,1,15,1,0,0,11,43,3,60,5,5,-1,-1,0,0,9,6,45,50,,,,,,
420202,2232,0,7,25,0,3,20,1,0,0,14,46,6,60,4,4,-1,-1,0,0,13,6,45,50,,,,1,,
420203,2233,0,11,40,0,2,26,1,0,0,35,56,56,60,6,6,-1,-1,0,0,16,0,55,50,,,,,,
420204,2231,0,7,55,0,1,15,1,0,0,11,43,3,60,5,5,-1,-1,0,0,9,0,0,50,,,,,,
420205,2231,0,7,30,0,1,15,1,0,0,11,43,3,120,5,5,-1,-1,0,0,9,6,45,50,,,,,,
420206,263,3,26,109,0,0,60,85,0,0,16,50,6,48,0,0,-1,-1,0,0,19,0,0,0,,,,1,,
420251,268,0,0,0,0,0,0,0,0,0,60,220,110,125,95,50,-1,-1,0,0,0,0,0,0,,,,1,,
,,,,,,,,,,,,,,,,,,,,,,,,,,,,,,
420301,3231,0,14,55,0,14,25,1,0,0,18,45,3,60,14,14,-1,-1,0,4,24,0,55,65,,,,,,
420302,3232,0,16,35,0,0,30,1,0,0,25,47,5,60,12,12,-1,-1,0,2,22,0,50,60,,,,1,,
420303,3233,0,8,55,0,0,30,1,0,0,30,51,51,60,5,5,-1,-1,0,1,15,0,55,68,,,,,,
420304,3233,0,8,80,0,0,30,1,0,0,30,51,51,60,5,5,-1,-1,0,1,15,0,0,50,,,,,,
420305,3231,0,14,55,0,14,25,1,0,0,18,45,3,120,14,14,-1,-1,0,4,24,0,55,65,,,,,,
420306,263,3,26,109,0,0,60,85,0,0,16,50,6,48,0,0,-1,-1,0,0,19,0,0,0,,,,1,,
420351,268,0,0,0,0,0,0,0,0,0,60,220,110,125,95,50,-1,-1,0,0,0,0,0,0,,,,1,,
,,,,,,,,,,,,,,,,,,,,,,,,,,,,,,
420401,4231,10,17,50,0,0,18,1,0,0,18,28,0,60,3,3,-1,-1,0,0,9,0,75,50,,,,,,
420402,4232,14,17,50,0,0,22,1,0,0,21,30,0,60,3,3,-1,-1,0,0,13,0,75,50,,,,,,
420403,4233,16,22,50,0,1,57,1,0,0,57,70,70,60,6,6,-1,-1,0,0,16,0,75,50,,,,,,
420404,2233,0,11,65,0,0,30,1,0,0,35,56,56,60,6,6,-1,-1,0,0,16,0,0,50,,,,,,
420405,2231,0,7,30,0,14,25,1,0,0,11,43,3,120,5,5,-1,-1,0,0,9,0,75,50,,,,,,
420406,263,3,26,109,0,0,60,85,0,0,16,50,6,48,0,0,-1,-1,0,0,19,0,0,0,,,,1,,
420451,268,0,0,0,0,0,0,0,0,0,60,220,110,125,95,50,-1,-1,0,0,0,0,0,0,,,,1,,
,,,,,,,,,,,,,,,,,,,,,,,,,,,,,,
420501,5231,9,22,70,0,15,50,1,0,0,38,68,20,60,23,23,-1,-1,0,19,39,0,58,55,,,,1,,
420502,5232,0,15,60,0,0,38,1,0,0,39,60,60,60,9,9,-1,-1,0,0,23,0,58,55,,,,1,,
420503,5232,0,15,100,0,0,38,1,0,0,39,60,60,60,13,13,-1,-1,0,0,23,0,0,50,,,,,,
420504,5231,9,22,70,0,15,50,1,0,0,38,68,20,120,23,23,-1,-1,0,19,39,0,58,55,,,,,,
420551,268,0,0,0,0,0,0,0,0,0,60,220,110,125,95,50,-1,-1,0,0,0,0,0,0,,,,1,,
,,,,,,,,,,,,,,,,,,,,,,,,,,,,,,
420601,6231,15,23,20,0,0,26,1,0,0,22,53,3,60,14,14,-1,-1,0,0,15,0,65,70,,,,,,
420602,6232,3,12,20,0,3,20,1,0,0,25,47,6,60,12,12,-1,-1,0,0,12,-5,65,75,,,,1,,
420603,6235,5,18,50,0,2,26,1,0,0,78,60,56,60,22,22,-1,-1,0,22,34,0,65,80,,,,,,
420604,6233,0,0,0,0,0,0,1,0,0,0,0,0,60,0,0,-1,-1,0,0,0,0,0,90,,,,,,
420605,6234,5,10,60,0,0,60,1,0,0,22,30,45,45,8,0,-1,-1,0,8,18,0,65,90,,,,,,
420606,6232,3,12,20,0,0,60,70,0,0,25,47,6,60,12,0,-1,-1,0,0,12,0,90,110,,,,,,
420607,6232,3,12,20,0,0,60,71,0,0,25,47,6,60,12,0,-1,-1,0,0,12,0,90,110,,,,,,
420608,6232,3,12,20,0,0,60,72,0,0,25,47,6,60,12,0,-1,-1,0,0,12,0,90,110,,,,,,
420609,6232,3,12,20,0,0,60,73,0,0,25,47,6,60,12,0,-1,-1,0,0,12,0,90,110,,,,,,
420610,6091,3,20,450,0,0,0,1,0,0,0,0,5,10,0,0,-1,-1,0,0,0,0,0,0,,,1,,1,
420611,6235,5,18,50,0,0,60,74,0,0,39,60,56,52,22,0,-1,-1,0,22,34,-5,110,80,,,,,,
420612,265,105,113,20,0,0,146,86,0,0,102,143,20,160,1,1,-1,-1,90,70,105,0,65,70,,,,1,,
420651,268,0,0,0,0,0,0,0,0,0,60,220,110,125,95,50,-1,-1,0,0,0,0,0,0,,,,1,,
,,,,,,,,,,,,,,,,,,,,,,,,,,,,,,
420701,7231,0,0,0,0,0,0,1,0,0,0,0,0,60,0,0,-1,-1,0,0,0,0,45,90,,,,,,
420702,7231,0,0,0,0,0,0,1,0,0,0,0,0,60,0,0,-1,-1,0,0,0,0,0,90,,,,,,
420703,7231,0,0,0,0,0,0,1,0,0,0,0,0,120,0,0,-1,-1,0,0,0,0,45,90,,,,,,
420751,268,0,0,0,0,0,0,0,0,0,60,220,110,125,95,50,-1,-1,0,0,0,0,0,0,,,,1,,
,,,,,,,,,,,,,,,,,,,,,,,,,,,,,,
420801,3231,0,14,55,0,14,25,1,0,0,18,45,3,60,14,14,-1,-1,0,4,24,0,55,65,,,,,,
420802,3232,0,16,35,0,0,30,1,0,0,25,47,5,60,12,12,-1,-1,0,2,22,0,50,60,,,,1,,
420803,3233,0,8,55,0,0,30,1,0,0,30,51,51,60,5,5,-1,-1,0,1,15,0,55,68,,,,,,
420804,3233,0,8,80,0,0,30,1,0,0,30,51,51,60,5,5,-1,-1,0,1,15,0,0,50,,,,,,
420805,3231,0,14,55,0,14,25,1,0,0,18,45,3,120,14,14,-1,-1,0,4,24,0,55,65,,,,,,
420806,263,3,26,109,0,0,60,85,0,0,16,50,6,48,0,0,-1,-1,0,0,19,0,0,0,,,,1,,
420851,268,0,0,0,0,0,0,0,0,0,60,220,110,125,95,50,-1,-1,0,0,0,0,0,0,,,,1,,
,,,,,,,,,,,,,,,,,,,,,,,,,,,,,,
420901,9231,9,19,60,0,15,36,1,0,0,45,71,25,60,22,22,-1,-1,0,0,51,0,45,50,,,,1,,
420902,9232,3,17,70,0,3,28,1,0,0,45,66,66,60,12,12,-1,-1,0,0,51,0,65,70,,,,1,,
420903,9232,3,17,110,0,3,28,1,0,0,45,66,66,60,18,18,-1,-1,0,0,51,0,0,50,,,,,,
420904,9231,9,19,60,0,15,36,1,0,0,45,71,25,120,22,22,-1,-1,0,0,51,0,45,50,,,,,,
420910,6091,3,20,450,0,0,0,1,0,0,0,0,5,10,0,0,-1,-1,0,0,0,0,0,0,,,1,,1,
420951,268,0,0,0,0,0,0,0,0,0,60,220,110,125,95,50,-1,-1,0,0,0,0,0,0,,,,1,,
,,,,,,,,,,,,,,,,,,,,,,,,,,,,,,
421001,10231,0,8,45,0,5,30,1,0,0,24,50,10,60,9,9,-1,-1,0,0,19,0,50,50,,,,,,
421002,10232,0,8,50,0,0,27,1,0,0,34,55,55,60,11,11,-1,-1,0,1,21,0,50,50,,,,1,,
421003,10231,0,8,70,0,5,30,1,0,0,24,50,10,60,9,9,-1,-1,0,0,19,0,0,50,,,,,,
421004,10231,0,8,45,0,5,30,1,0,0,24,50,10,120,9,9,-1,-1,0,0,19,0,50,50,,,,,,
421005,263,3,26,109,0,0,60,85,0,0,16,50,6,48,0,0,-1,-1,0,0,19,0,0,0,,,,1,,
421051,268,0,0,0,0,0,0,0,0,0,60,220,110,125,95,50,-1,-1,0,0,0,0,0,0,,,,1,,
,,,,,,,,,,,,,,,,,,,,,,,,,,,,,,
421101,9231,9,19,60,0,15,36,1,0,0,45,71,25,60,26,26,-1,-1,0,0,51,0,45,50,,,,1,,
421102,9232,3,17,70,0,3,28,1,0,0,45,66,66,60,18,18,-1,-1,0,0,51,0,65,70,,,,1,,
421103,9232,3,17,110,0,3,28,1,0,0,45,66,66,60,18,18,-1,-1,0,0,51,0,0,50,,,,,,
421104,9231,9,19,60,0,15,36,1,0,0,45,71,25,120,26,26,-1,-1,0,0,51,0,45,50,,,,,,
421151,268,0,0,0,0,0,0,0,0,0,60,220,110,125,95,50,-1,-1,0,0,0,0,0,0,,,,1,,
,,,,,,,,,,,,,,,,,,,,,,,,,,,,,,
421201,10231,0,8,45,0,5,30,1,0,0,48,70,49,60,9,9,-1,-1,0,0,19,0,75,50,,,,,,
421202,10231,0,8,70,0,5,30,1,0,0,29,50,50,60,9,9,-1,-1,0,0,19,0,0,50,,,,,,
421203,10231,0,8,45,0,5,30,1,0,0,48,70,49,120,9,9,-1,-1,0,0,19,0,75,50,,,,,,
421204,263,3,26,109,0,0,60,85,0,0,16,50,6,48,0,0,-1,-1,0,0,19,0,0,0,,,,1,,
421251,268,0,0,0,0,0,0,0,0,0,60,220,110,125,95,50,-1,-1,0,0,0,0,0,0,,,,1,,
,,,,,,,,,,,,,,,,,,,,,,,,,,,,,,
421301,13231,13,25,60,0,20,36,1,0,0,64,75,30,60,26,26,-1,-1,0,16,36,0,50,70,,,,1,,
421303,13231,13,25,80,0,20,36,1,0,0,54,75,75,60,26,26,-1,-1,0,16,36,0,75,50,,,,1,,
421304,13231,13,25,60,0,20,36,1,0,0,64,75,30,120,26,26,-1,-1,0,16,36,0,50,70,,,,,,
421351,268,0,0,0,0,0,0,0,0,0,60,220,110,125,95,50,-1,-1,0,0,0,0,0,0,,,,1,,
,,,,,,,,,,,,,,,,,,,,,,,,,,,,,,
421401,14231,0,12,60,0,0,30,1,0,0,31,60,15,60,16,16,-1,-1,0,6,31,0,95,50,,,,1,,
421402,14232,0,12,60,0,0,30,1,0,0,31,60,15,60,16,16,-1,-1,0,6,31,0,95,50,,,,,,
421403,9231,9,19,90,0,15,36,1,0,0,45,71,25,60,26,26,-1,-1,0,0,51,0,0,50,,,,,,
421404,14231,0,12,60,0,0,30,1,0,0,31,60,15,120,16,16,-1,-1,0,6,31,0,95,50,,,,,,
421451,268,0,0,0,0,0,0,0,0,0,60,220,110,125,95,50,-1,-1,0,0,0,0,0,0,,,,1,,
,,,,,,,,,,,,,,,,,,,,,,,,,,,,,,
421501,15231,0,0,0,0,0,0,1,0,0,66,85,85,60,51,51,-1,-1,0,0,0,0,500,50,,,,,,
,,,,,,,,,,,,,,,,,,,,,,,,,,,,,,
421601,16231,0,0,0,0,0,0,1,0,0,0,0,0,60,0,0,-1,-1,0,0,0,0,15,75,,,,,,
,,,,,,,,,,,,,,,,,,,,,,,,,,,,,,
421701,17231,0,0,0,0,0,0,1,0,0,0,0,0,60,0,0,-1,-1,0,0,0,0,15,75,,,,,,
,,,,,,,,,,,,,,,,,,,,,,,,,,,,,,
421901,19231,0,9,20,0,0,15,0,1,0,14,41,0,60,4,4,-1,-1,0,0,14,0,40,50,,1,,,,
421902,19232,0,9,20,0,0,15,1,0,0,14,43,0,60,2,2,-1,-1,0,0,12,0,40,50,2,,,1,,
421903,19233,0,9,25,0,0,20,0,1,0,18,48,2,60,0,0,-1,-1,0,0,10,0,40,50,,1,,,,
421904,19234,0,7,40,0,0,25,2,0,0,20,53,3,60,6,6,-1,-1,0,0,16,0,30,50,,,,,,
421905,19235,0,7,40,0,0,20,1,3,0,18,50,3,60,6,6,-1,-1,0,0,16,0,30,50,,,,,,
421906,19236,0,7,60,0,5,25,2,0,0,35,56,56,60,6,6,-1,-1,0,0,16,0,40,55,,,,,,
421907,19235,0,7,60,0,0,20,1,0,0,18,50,3,60,6,6,-1,-1,0,0,16,0,0,50,,,,,,
421908,19231,0,9,20,0,0,15,1,0,0,14,41,0,120,4,4,-1,-1,0,0,14,0,40,50,,,,,,
421951,268,0,0,0,0,0,0,0,0,0,60,220,110,125,95,50,-1,-1,0,0,0,0,0,0,,,,1,,
,,,,,,,,,,,,,,,,,,,,,,,,,,,,,,
,,,,,,,,,,,,,,,,,,,,,,,,,,,,,,
,,,,,,,,,,,,,,,,,,,,,,,,,,,,,,
,,,,,,,,,,,,,,,,,,,,,,,,,,,,,,
,,,,,,,,,,,,,,,,,,,,,,,,,,,,,,
520001,1231,0,6,20,0,1,8,1,0,0,10,40,0,60,2,2,-1,-1,0,0,21,0,65,80,,,,1,,
520002,1232,0,6,20,0,1,9,1,0,0,7,42,42,60,3,3,-1,-1,0,0,21,0,65,80,,,,,,
520003,1231,0,6,20,0,1,8,1,0,0,10,40,0,120,2,2,-1,-1,0,0,21,0,65,80,,,,,,
520004,263,5,21,150,0,0,60,85,0,0,16,50,6,44,0,0,-1,-1,0,0,19,0,0,0,,,,1,,
520051,268,0,0,0,0,0,0,0,0,0,60,220,110,125,95,50,-1,-1,0,0,0,0,0,0,,,,1,,
,,,,,,,,,,,,,,,,,,,,,,,,,,,,,,
520101,1231,0,6,20,0,1,8,1,0,0,10,40,0,60,2,2,-1,-1,0,0,21,0,65,80,,,,,,
520102,1232,0,6,20,0,1,9,1,0,0,7,42,0,60,3,3,-1,-1,0,0,21,0,65,80,,,,1,,
520103,1233,0,6,50,0,0,2,1,0,0,9,42,0,60,1,1,-1,-1,0,1,21,0,70,80,,,,,,
520104,1234,0,7,40,0,1,12,1,0,0,15,47,0,60,2,2,-1,-1,0,2,26,0,60,80,,,,,,
520105,1235,0,6,40,0,1,9,1,0,0,12,47,0,60,2,2,-1,-1,0,2,21,0,65,80,,,,,,
520106,1236,0,15,70,0,1,12,1,0,0,35,56,56,60,10,10,-1,-1,0,26,35,0,65,80,,,,,,
520107,1235,0,6,60,0,1,9,1,0,0,12,47,0,60,3,3,-1,-1,0,3,21,0,0,75,,,,,,
520108,1231,0,6,20,0,1,8,1,0,0,10,40,0,120,2,2,-1,-1,0,0,21,0,65,80,,,,,,
520109,263,5,21,150,0,0,60,85,0,0,16,50,6,44,0,0,-1,-1,0,0,19,0,0,0,,,,1,,
520151,268,0,0,0,0,0,0,0,0,0,60,220,110,125,95,50,-1,-1,0,0,0,0,0,0,,,,1,,
,,,,,,,,,,,,,,,,,,,,,,,,,,,,,,
520201,2231,0,8,40,0,0,12,1,0,0,10,37,0,60,1,1,-1,-1,0,0,21,0,65,90,,,,1,,
520202,2232,0,8,25,0,0,12,1,0,0,12,40,0,60,1,1,-1,-1,0,0,21,0,65,90,,,,,,
520203,2233,0,9,45,0,1,18,1,0,0,24,45,45,60,1,1,-1,-1,0,0,26,0,72.5,90,,,,,,
520204,2231,0,8,65,0,0,12,1,0,0,10,37,0,60,3,3,-1,-1,0,0,21,0,0,75,,,,,,
520205,2231,0,8,40,0,0,12,1,0,0,10,37,0,120,1,1,-1,-1,0,0,21,0,65,90,,,,,,
520206,263,5,21,150,0,0,60,85,0,0,16,50,6,44,0,0,-1,-1,0,0,19,0,0,0,,,,1,,
520251,268,0,0,0,0,0,0,0,0,0,60,220,110,125,95,50,-1,-1,0,0,0,0,0,0,,,,1,,
,,,,,,,,,,,,,,,,,,,,,,,,,,,,,,
520301,3231,0,10,65,0,11,30,1,0,0,16,48,0,60,10,10,-1,-1,0,3,23,0,90,100,,,,,,
520302,3232,0,9,60,0,2,16,1,0,0,14,44,0,60,5,5,-1,-1,0,1,18,0,90,125,,,,1,,
520303,3233,0,11,90,0,8,17,1,0,0,27,48,48,60,8,8,-1,-1,0,1,21,0,93,100,,,,,,
520304,3233,0,11,120,0,8,17,1,0,0,27,48,48,60,8,8,-1,-1,0,1,21,0,0,90,,,,,,
520305,3231,0,10,65,0,11,30,1,0,0,16,48,0,120,10,10,-1,-1,0,3,23,0,90,100,,,,,,
520306,263,5,21,150,0,0,60,85,0,0,16,50,6,44,0,0,-1,-1,0,0,19,0,0,0,,,,1,,
520351,268,0,0,0,0,0,0,0,0,0,60,220,110,125,95,50,-1,-1,0,0,0,0,0,0,,,,1,,
,,,,,,,,,,,,,,,,,,,,,,,,,,,,,,
520401,4231,10,17,50,0,0,18,1,0,0,18,28,0,60,3,3,-1,-1,0,0,21,0,120,90,,,,,,
520402,4232,14,17,50,0,0,22,1,0,0,21,30,0,60,3,3,-1,-1,0,0,21,0,105,90,,,,,,
520403,4233,16,22,50,0,1,57,1,0,0,57,70,70,60,6,6,-1,-1,0,0,26,0,130,90,,,,,,
520404,2233,0,9,70,0,8,17,1,0,0,24,45,45,60,6,6,-1,-1,0,0,26,0,0,90,,,,,,
520405,2231,0,8,40,0,11,30,1,0,0,10,37,0,120,3,3,-1,-1,0,0,21,0,120,90,,,,,,
520406,263,5,21,150,0,0,60,85,0,0,16,50,6,44,0,0,-1,-1,0,0,19,0,0,0,,,,1,,
520451,268,0,0,0,0,0,0,0,0,0,60,220,110,125,95,50,-1,-1,0,0,0,0,0,0,,,,1,,
,,,,,,,,,,,,,,,,,,,,,,,,,,,,,,
520501,5231,14,25,75,0,27,40,1,0,0,40,67,15,60,22,22,-1,-1,0,11,35,0,120,125,,,,1,,
520502,5232,20,32,70,0,22,38,1,0,0,55,76,76,60,21,21,-1,-1,0,18,46,0,100,80,,,,1,,
520503,5232,20,32,100,0,22,40,1,0,0,55,76,76,60,31,31,-1,-1,0,18,46,0,0,90,,,,,,
520504,5231,14,25,75,0,27,40,1,0,0,40,67,15,120,22,22,-1,-1,0,11,35,0,120,125,,,,,,
520551,268,0,0,0,0,0,0,0,0,0,60,220,110,125,95,50,-1,-1,0,0,0,0,0,0,,,,1,,
,,,,,,,,,,,,,,,,,,,,,,,,,,,,,,
520601,6231,1,10,50,0,0,44,1,0,0,37,50,0,71,7,7,-1,-1,0,0,26,-10,100,110,,,,,,
520602,6232,10,15,0,0,4,36,1,0,0,32,45,0,60,6,6,-1,-1,0,6,21,0,90,100,,,,1,,
520603,6235,1,20,50,0,10,40,1,0,0,70,65,70,60,5,5,-1,-1,0,1,21,10,80,100,,,,,,
520604,6233,0,0,0,0,0,0,1,0,0,0,0,0,60,0,0,-1,-1,0,0,0,0,0,90,,,,,,
520605,6234,9,15,50,0,0,60,1,0,0,30,33,45,45,10,0,-1,-1,0,10,21,0,120,100,,,,,,
520606,6232,10,15,0,0,0,60,80,0,0,32,45,0,60,6,0,-1,-1,0,6,21,0,80,100,,,,,,
520607,6232,10,15,0,0,0,60,81,0,0,32,45,0,60,6,0,-1,-1,0,6,21,0,80,100,,,,,,
520608,6232,10,15,0,0,0,60,82,0,0,32,45,0,60,6,0,-1,-1,0,6,21,0,80,100,,,,,,
520609,6232,10,15,0,0,0,60,83,0,0,32,45,0,60,6,0,-1,-1,0,6,21,0,80,100,,,,,,
520610,6091,3,20,450,0,0,0,1,0,0,0,0,5,10,0,0,-1,-1,0,0,0,0,0,0,,,1,,1,
520611,6235,8,22,18,0,0,60,84,0,0,55,65,70,52,5,0,-1,-1,0,1,21,-5,100,100,,,,,,
520612,265,91,100,50,0,0,154,86,0,0,127,140,20,166,1,1,-1,-1,90,70,116,-10,100,110,,,,1,,
520651,268,0,0,0,0,0,0,0,0,0,60,220,110,125,95,50,-1,-1,0,0,0,0,0,0,,,,1,,
,,,,,,,,,,,,,,,,,,,,,,,,,,,,,,
520701,7231,0,0,0,0,0,0,1,0,0,0,0,0,60,0,0,-1,-1,0,0,0,0,45,90,,,,,,
520702,7231,0,0,0,0,0,0,1,0,0,0,0,0,60,0,0,-1,-1,0,0,0,0,0,90,,,,,,
520703,7231,0,0,0,0,0,0,1,0,0,0,0,0,120,0,0,-1,-1,0,0,0,0,45,90,,,,,,
520751,268,0,0,0,0,0,0,0,0,0,60,220,110,125,95,50,-1,-1,0,0,0,0,0,0,,,,1,,
,,,,,,,,,,,,,,,,,,,,,,,,,,,,,,
520801,3231,0,10,65,0,11,30,1,0,0,16,48,0,60,11,11,-1,-1,0,3,23,0,90,100,,,,,,
520802,3232,0,9,60,0,2,16,1,0,0,14,44,0,60,6,6,-1,-1,0,1,18,0,90,125,,,,1,,
520803,3233,0,11,90,0,8,17,1,0,0,27,48,48,60,11,11,-1,-1,0,1,21,0,93,100,,,,,,
520804,3233,0,11,120,0,8,17,1,0,0,27,48,48,60,11,11,-1,-1,0,1,21,0,0,90,,,,,,
520805,3231,0,10,65,0,11,30,1,0,0,16,48,0,120,11,11,-1,-1,0,3,23,0,90,100,,,,,,
520806,263,5,21,150,0,0,60,85,0,0,16,50,6,44,0,0,-1,-1,0,0,19,0,0,0,,,,1,,
520851,268,0,0,0,0,0,0,0,0,0,60,220,110,125,95,50,-1,-1,0,0,0,0,0,0,,,,1,,
,,,,,,,,,,,,,,,,,,,,,,,,,,,,,,
520901,9231,29,34,65,0,33,55,1,0,0,45,79,20,60,34,34,-1,-1,0,6,41,0,110,115,,,,1,,
520902,9232,31,39,70,0,32,60,1,0,0,63,84,84,60,37,37,-1,-1,0,11,51,-30,100,95,,,,1,,
520903,9232,31,39,110,0,32,60,1,0,0,63,84,84,60,36,36,-1,-1,0,11,51,0,0,90,,,,,,
520904,9231,29,34,65,0,33,55,1,0,0,45,79,20,120,34,34,-1,-1,0,6,41,0,110,115,,,,,,
520910,6091,3,20,450,0,0,0,1,0,0,0,0,5,10,0,0,-1,-1,0,0,0,0,0,0,,,1,,1,
520951,268,0,0,0,0,0,0,0,0,0,60,220,110,125,95,50,-1,-1,0,0,0,0,0,0,,,,1,,
,,,,,,,,,,,,,,,,,,,,,,,,,,,,,,
521001,10231,0,10,60,0,2,22,1,0,0,19,52,3,60,9,9,-1,-1,0,1,16,-5,67,100,,,,,,
521002,10232,0,10,55,0,7,26,1,0,0,31,52,52,60,2,2,-1,-1,0,1,16,5,77,100,,,,1,,
521003,10231,0,10,90,0,2,22,1,0,0,19,52,3,60,13,13,-1,-1,0,1,16,0,0,75,,,,,,
521004,10231,0,10,60,0,2,22,1,0,0,19,52,3,120,9,9,-1,-1,0,1,16,-5,67,100,,,,,,
521005,263,5,21,150,0,0,60,85,0,0,16,50,6,44,0,0,-1,-1,0,0,19,0,0,0,,,,1,,
521051,268,0,0,0,0,0,0,0,0,0,60,220,110,125,95,50,-1,-1,0,0,0,0,0,0,,,,1,,
,,,,,,,,,,,,,,,,,,,,,,,,,,,,,,
521101,9231,29,34,65,0,18,60,1,0,0,45,79,20,60,31,31,-1,-1,0,6,41,0,110,115,,,,1,,
521102,9232,31,39,70,0,32,65,1,0,0,63,84,84,60,36,36,-1,-1,0,11,51,-30,100,95,,,,1,,
521103,9232,31,39,110,0,32,60,1,0,0,63,84,84,60,36,36,-1,-1,0,11,51,0,0,90,,,,,,
521104,9231,29,34,65,0,18,60,1,0,0,45,79,20,120,31,31,-1,-1,0,6,41,0,110,115,,,,,,
521151,268,0,0,0,0,0,0,0,0,0,60,220,110,125,95,50,-1,-1,0,0,0,0,0,0,,,,1,,
,,,,,,,,,,,,,,,,,,,,,,,,,,,,,,
521201,10231,0,10,60,0,2,22,1,0,0,48,70,49,60,6,6,-1,-1,0,1,16,0,90,75,,,,,,
521202,10231,0,10,90,0,2,22,1,0,0,31,52,52,60,6,6,-1,-1,0,1,16,0,0,75,,,,,,
521203,10231,0,10,60,0,2,22,1,0,0,48,70,49,120,6,6,-1,-1,0,1,16,0,90,75,,,,,,
521204,263,5,21,150,0,0,60,85,0,0,16,50,6,44,0,0,-1,-1,0,0,19,0,0,0,,,,1,,
521251,268,0,0,0,0,0,0,0,0,0,60,220,110,125,95,50,-1,-1,0,0,0,0,0,0,,,,1,,
,,,,,,,,,,,,,,,,,,,,,,,,,,,,,,
521301,13231,6,18,55,0,10,33,1,0,0,58,67,28,60,20,20,-1,-1,0,10,35,20,65,90,,,,1,,
521303,13231,6,18,80,0,10,33,1,0,0,46,67,67,60,20,20,-1,-1,0,10,35,0,0,90,,,,1,,
521304,13231,6,18,55,0,10,33,1,0,0,58,67,28,120,20,20,-1,-1,0,10,35,20,65,90,,,,,,
521351,268,0,0,0,0,0,0,0,0,0,60,220,110,125,95,50,-1,-1,0,0,0,0,0,0,,,,1,,
,,,,,,,,,,,,,,,,,,,,,,,,,,,,,,
521401,14231,0,11,60,0,5,30,1,0,0,35,65,15,60,10,10,-1,-1,0,0,16,0,130,80,,,,1,,
521402,14232,0,11,60,0,5,30,1,0,0,35,65,15,60,16,16,-1,-1,0,0,16,0,130,80,,,,,,
521403,13231,6,18,80,0,10,33,1,0,0,46,67,67,60,20,20,-1,-1,0,10,35,0,0,90,,,,,,
521404,14231,0,11,60,0,5,30,1,0,0,35,65,15,120,10,10,-1,-1,0,0,16,0,130,80,,,,,,
521451,268,0,0,0,0,0,0,0,0,0,60,220,110,125,95,50,-1,-1,0,0,0,0,0,0,,,,1,,
,,,,,,,,,,,,,,,,,,,,,,,,,,,,,,
521501,15231,0,0,0,0,46,46,1,0,0,70,91,91,60,46,46,-1,-1,0,0,0,0,500,90,,,,,,
,,,,,,,,,,,,,,,,,,,,,,,,,,,,,,
521601,16231,0,0,0,0,0,0,1,0,0,0,0,0,60,0,0,-1,-1,0,0,0,0,15,75,,,,,,
,,,,,,,,,,,,,,,,,,,,,,,,,,,,,,
521701,17231,0,0,0,0,0,0,1,0,0,0,0,0,60,0,0,-1,-1,0,0,0,0,15,75,,,,,,
,,,,,,,,,,,,,,,,,,,,,,,,,,,,,,
521901,19231,0,6,20,0,1,8,0,1,0,10,40,0,60,2,2,-1,-1,0,0,21,0,65,80,0,1,,,,
521902,19232,0,6,20,0,1,9,1,0,0,7,42,0,60,3,3,-1,-1,0,0,21,0,65,80,2,0,,1,,
521903,19233,0,6,50,0,0,2,0,1,0,9,42,0,60,1,1,-1,-1,0,1,21,0,70,80,0,1,,,,
521904,19234,0,7,40,0,1,12,0,3,0,15,47,0,60,2,2,-1,-1,0,2,26,0,60,80,,,,,,
521905,19235,0,6,40,0,1,9,2,0,0,12,47,0,60,2,2,-1,-1,0,2,21,0,65,80,,,,,,
521906,19236,0,15,70,0,1,12,0,3,0,35,56,56,60,10,10,-1,-1,0,26,35,0,65,80,,,,,,
521907,19235,0,6,60,0,1,9,1,0,0,12,47,0,60,3,3,-1,-1,0,3,21,0,0,75,,,,,,
521908,19231,0,6,20,0,1,8,1,0,0,10,40,0,120,2,2,-1,-1,0,0,21,0,65,80,,,,,,
521951,268,0,0,0,0,0,0,0,0,0,60,220,110,125,95,50,-1,-1,0,0,0,0,0,0,,,,1,,
